,brand_ch,brand_en,cleaned_brand,sim,certain,U
0,元山,,元山,"[('元山牌', 80), ('泰山', 50), ('雪山', 50), ('香山', 50), ('山森', 50), ('山水', 50), ('山崎', 50), ('東元', 50), ('山元', 50), ('山形', 50), ('元氣', 50), ('元歲', 50), ('豪山', 50), ('富山', 50), ('狀元', 50), ('武山', 50), ('丸山', 50), ('上元', 50)]","[('元山牌', 80)]",1
1,姍拉娜,,姍拉娜,[],[],0
2,台鹽,,台鹽,"[('台鹽生技', 67), ('台酒', 50), ('台啤', 50), ('台農', 50), ('臺鹽', 50), ('台畜', 50), ('台鳳', 50), ('台塑', 50), ('台麗', 50), ('台塩', 50)]",[],0
3,舒潔,,舒潔,"[('舒跑', 50), ('朵舒', 50), ('舒澡', 50), ('潔倍', 50), ('潔芬', 50), ('普潔', 50), ('亮潔', 50), ('舒珊', 50)]",[],0
4,龜甲萬,,龜甲萬,[],[],0
5,真爽,,真爽,"[('安爽', 50), ('真愛', 50), ('良爽', 50), ('真鍋', 50), ('牧真', 50)]",[],0
6,理膚寶水,,理膚寶水,[],[],0
7,光泉鮮乳,,光泉鮮乳,"[('光泉乳香世家', 60), ('高大鮮乳', 50), ('初鹿鮮乳', 50), ('光泉豆漿', 50), ('光泉頂級鮮奶優酪', 50)]",[],0
8,味全簡單點,,味全簡單點,"[('味全', 57)]",[],0
9,雪芙蘭,,雪芙蘭,[],[],0
10,黑人牙膏,,黑人牙膏,"[('黑人', 67)]",[],0
11,台酒,,台酒,"[('台灣啤酒', 67), ('台酒生技', 67), ('台鹽', 50), ('台啤', 50), ('台農', 50), ('台畜', 50), ('台鳳', 50), ('台塑', 50), ('台麗', 50), ('台塩', 50)]",[],0
12,味全,,味全,"[('味全萬丹', 67), ('味全簡單點', 57), ('味全林鳳營', 57), ('味丹', 50), ('味王', 50), ('新味', 50), ('厝味', 50), ('味榮', 50), ('全效', 50), ('鋒味', 50), ('和味', 50)]",[],0
13,刷樂,,刷樂,"[('樂邁', 50), ('福樂', 50), ('樂天', 50), ('樂金', 50), ('泡樂', 50), ('樂活', 50), ('美樂', 50), ('樂趣', 50)]",[],0
14,保力達,,保力達,[],[],0
15,牛頭牌,,牛頭牌,[],[],0
16,福樂一番鮮,,福樂一番鮮,"[('福樂鮮攪', 67), ('福樂', 57), ('鮮一番', 50)]",[],0
17,悅氏,,悅氏,"[('悅氏茶品', 67), ('名悅', 50)]",[],0
18,萬家香,,萬家香,[],[],0
19,高露潔,,高露潔,[],[],0
20,熊寶貝,,熊寶貝,"[('哄寶貝', 67), ('寶貝妮', 67), ('熊寶寶', 67), ('好寶貝', 67), ('彎彎寶貝', 57), ('吉尼寶貝', 57), ('寶貝餌子', 57)]",[],0
21,泰安,,泰安,"[('泰山', 50), ('安安', 50), ('安田', 50), ('安雅', 50), ('安親', 50), ('安爽', 50), ('誠泰', 50)]",[],0
22,澡享,,澡享,"[('舒澡', 50)]",[],0
23,白蘭氏,,白蘭氏,[],[],0
24,光泉乳香世家,,光泉乳香世家,"[('光泉鮮乳', 60)]",[],0
25,雀巢,,雀巢,[],[],0
26,原萃,,原萃,"[('康萃', 50), ('原辰', 50)]",[],0
27,雪坊,,雪坊,"[('雪山', 50), ('雷雪', 50), ('雪比', 50), ('白雪', 50)]",[],0
28,台啤,,台啤,"[('台灣啤酒', 67), ('台鹽', 50), ('台酒', 50), ('台農', 50), ('台畜', 50), ('台鳳', 50), ('台塑', 50), ('台麗', 50), ('台塩', 50)]",[],0
29,海倫仙度絲,,海倫仙度絲,[],[],0
30,嬌生,,嬌生,"[('優生', 50), ('新生', 50), ('生活', 50), ('民生', 50)]",[],0
31,和平,,和平,"[('和成', 50), ('和味', 50)]",[],0
32,統一陽光,,統一陽光,"[('統一', 67), ('統一瑞穗', 50), ('統一生機', 50)]",[],0
33,活力滋,,活力滋,"[('活力', 80), ('優活力', 67), ('活力廚坊', 57), ('活力廚房', 57), ('亞尼活力', 57)]","[('活力', 80)]",1
34,葡萄王,,葡萄王,[],[],0
35,星之冠,,星之冠,[],[],0
36,桂冠,,桂冠,"[('皇冠', 50), ('華冠', 50)]",[],0
37,阿薩姆,,阿薩姆,[],[],0
38,德恩奈,,德恩奈,[],[],0
39,康乃馨,,康乃馨,[],[],0
40,草繹,,草繹,[],[],0
41,七星,,七星,"[('七喜', 50), ('明星', 50)]",[],0
42,伯朗,,伯朗,"[('伯朗咖啡', 67), ('緹朗', 50), ('伯爵', 50)]",[],0
43,白鴿,,白鴿,"[('白人', 50), ('白雪', 50), ('麗白', 50), ('白象', 50)]",[],0
44,東成,,東成,"[('東泉', 50), ('東芝', 50), ('東元', 50), ('東凌', 50), ('和成', 50), ('東邦', 50), ('信東', 50), ('東銘', 50)]",[],0
45,依必朗,,依必朗,[],[],0
46,多喝水,,多喝水,[],[],0
47,南僑,,南僑,"[('寶僑', 50), ('南王', 50)]",[],0
48,台灣啤酒,,台灣啤酒,"[('台酒', 67), ('台啤', 67), ('台灣農林', 50), ('台灣好漁', 50), ('台灣伊日', 50), ('台酒生技', 50), ('台灣三洋', 50), ('台灣g霸', 50), ('台灣好田', 50)]",[],0
49,愛爾曼,,愛爾曼,"[('愛爾', 80), ('愛爾康', 67)]","[('愛爾', 80)]",1
50,寶亨,,寶亨,"[('聲寶', 50), ('寶僑', 50), ('寶馬', 50), ('寶路', 50), ('鍋寶', 50), ('古寶', 50), ('諾寶', 50), ('藍寶', 50), ('寶島', 50), ('培寶', 50), ('旺寶', 50), ('寶仕', 50), ('金寶', 50), ('奇寶', 50), ('威寶', 50)]",[],0
51,聖佩黎洛,,聖佩黎洛,[],[],0
52,百威,,百威,"[('勁威', 50), ('威德', 50), ('威仕', 50), ('百齡', 50), ('威寶', 50), ('百喬', 50)]",[],0
53,佳士達,,佳士達,[],[],0
54,沙威隆,,沙威隆,[],[],0
55,來復易,,來復易,[],[],0
56,味全林鳳營,,味全林鳳營,"[('味全', 57), ('林鳳營特濃優格', 50), ('林鳳營精品優格', 50)]",[],0
57,愛之味,,愛之味,"[('蒸鮮之味', 57)]",[],0
58,馬爾斯,,馬爾斯,[],[],0
59,莎啦莎啦,,莎啦莎啦,"[('嚕啦啦', 57)]",[],0
60,雲斯頓,,雲斯頓,[],[],0
61,阿q桶麵,,阿q桶麵,[],[],0
62,豆油伯,,豆油伯,[],[],0
63,小獅王辛巴,,小獅王辛巴,"[('小獅王', 75), ('獅王', 57)]",[],0
64,花香5,,花香5,[],[],0
65,越南厚生,,越南厚生,[],[],0
66,味味一品,,味味一品,"[('味味麵', 57), ('一品夫人', 50)]",[],0
67,森田藥粧,,森田藥粧,[],[],0
68,林鳳營特濃優格,,林鳳營特濃優格,"[('林鳳營精品優格', 71), ('林鳳營簡單點優格', 67), ('味全林鳳營', 50)]",[],0
69,人生製藥,,人生製藥,"[('得意人生', 50), ('甘味人生', 50)]",[],0
70,西雅圖,,西雅圖,[],[],0
71,倍潔雅,,倍潔雅,"[('唯潔雅', 67), ('加倍潔', 67)]",[],0
72,克奈圃,,克奈圃,[],[],0
73,台農鮮乳廠,,台農鮮乳廠,"[('台農', 57)]",[],0
74,大金,,大金,"[('金蘭', 50), ('丸金', 50), ('大正', 50), ('樂金', 50), ('屏大', 50), ('金龍', 50), ('金岡', 50), ('大研', 50), ('金饌', 50), ('金鹿', 50), ('大河', 50), ('大醬', 50), ('金車', 50), ('大王', 50), ('大芳', 50), ('金寶', 50), ('大昌', 50)]",[],0
75,小米,,小米,"[('米家', 50), ('紅米', 50), ('雲米', 50), ('米徠', 50), ('米物', 50), ('小澤', 50)]",[],0
76,優生,,優生,"[('嬌生', 50), ('新生', 50), ('優活', 50), ('生活', 50), ('優品', 50), ('優柏', 50), ('民生', 50), ('優護', 50)]",[],0
77,等等,,等等,[],[],0
78,萬達寬,,萬達寬,[],[],0
79,海尼根,,海尼根,"[('海吉尼斯', 57), ('潘海利根', 57)]",[],0
80,賈以食日,,賈以食日,[],[],0
81,愛力根,,愛力根,"[('愛力', 80), ('愛引力', 67), ('愛美力', 67)]","[('愛力', 80)]",1
82,湛盧,,湛盧,"[('湛盧咖啡', 67)]",[],0
83,滿漢大餐,,滿漢大餐,[],[],0
84,純煉,,純煉,[],[],0
85,春風,,春風,"[('瑞春', 50), ('風騰', 50), ('風格', 50), ('勳風', 50)]",[],0
86,黑人,,黑人,"[('黑人牙膏', 67), ('黑松', 50), ('白人', 50), ('黑龍', 50)]",[],0
87,聲寶,,聲寶,"[('寶亨', 50), ('寶僑', 50), ('寶馬', 50), ('寶路', 50), ('鍋寶', 50), ('古寶', 50), ('諾寶', 50), ('藍寶', 50), ('寶島', 50), ('培寶', 50), ('旺寶', 50), ('寶仕', 50), ('金寶', 50), ('奇寶', 50), ('威寶', 50)]",[],0
88,岡本,,岡本,"[('金岡', 50), ('片岡', 50)]",[],0
89,日落恩賜,,日落恩賜,"[('日喬恩', 57)]",[],0
90,農心,,農心,"[('台農', 50), ('農會', 50), ('國農', 50), ('綠農', 50), ('興農', 50)]",[],0
91,喵洽普,,喵洽普,[],[],0
92,義美,,義美,"[('義美生醫', 67), ('美琪', 50), ('美則', 50), ('美樂', 50), ('美寧', 50), ('麗美', 50), ('源美', 50), ('美琦', 50), ('美的', 50)]",[],0
93,寶僑,,寶僑,"[('南僑', 50), ('寶亨', 50), ('聲寶', 50), ('寶馬', 50), ('寶路', 50), ('鍋寶', 50), ('古寶', 50), ('諾寶', 50), ('藍寶', 50), ('寶島', 50), ('培寶', 50), ('旺寶', 50), ('寶仕', 50), ('金寶', 50), ('奇寶', 50), ('威寶', 50)]",[],0
94,我的心機,,我的心機,[],[],0
95,頂好,,頂好,"[('頂燒', 50)]",[],0
96,澎澎,,澎澎,[],[],0
97,龍鳳,,龍鳳,"[('黑龍', 50), ('金龍', 50), ('龍宏', 50), ('龍泉', 50), ('台鳳', 50), ('龍馬', 50), ('佳龍', 50)]",[],0
98,奈森克林,,奈森克林,"[('森林物語', 50)]",[],0
99,米家,,米家,"[('小米', 50), ('家福', 50), ('紅米', 50), ('娘家', 50), ('雲米', 50), ('米徠', 50), ('米物', 50), ('易家', 50)]",[],0
100,紅印,,紅印,"[('象印', 50), ('紅米', 50), ('京紅', 50), ('紅牛', 50)]",[],0
101,植享家,,植享家,[],[],0
102,英泉,,英泉,"[('東泉', 50), ('龍泉', 50)]",[],0
103,象印,,象印,"[('紅印', 50), ('日象', 50), ('白象', 50)]",[],0
104,康貝特,,康貝特,"[('康貝', 80)]","[('康貝', 80)]",1
105,日清,,日清,"[('日虹', 50), ('日象', 50), ('日虎', 50), ('日濢', 50), ('日青', 50), ('朝日', 50)]",[],0
106,瑞春,,瑞春,"[('春風', 50), ('海瑞', 50)]",[],0
107,醫之方,,醫之方,"[('台塑生醫 醫之方', 55)]",[],0
108,高慶泉,,高慶泉,"[('高地之泉', 57)]",[],0
109,檜山坊,,檜山坊,[],[],0
110,統一水果牛乳,,統一水果牛乳,"[('統一', 50)]",[],0
111,來一客,,來一客,[],[],0
112,味丹,,味丹,"[('味全萬丹', 67), ('味全', 50), ('味王', 50), ('新味', 50), ('厝味', 50), ('味榮', 50), ('鋒味', 50), ('和味', 50)]",[],0
113,美粒果,,美粒果,[],[],0
114,勁威,,勁威,"[('百威', 50), ('威德', 50), ('威仕', 50), ('威寶', 50)]",[],0
115,好自在,,好自在,[],[],0
116,正負零±0,,正負零±0,"[('正負零', 75), ('正負零±0', 67)]",[],0
117,賀壽,,賀壽,"[('長壽', 50)]",[],0
118,得意,,得意,"[('得意人生', 67), ('諾得', 50), ('善得', 50)]",[],0
119,蘋果西打,,蘋果西打,"[('緣蘋果', 57)]",[],0
120,貝親,,貝親,"[('貝恩', 50), ('孝親', 50), ('安親', 50), ('康貝', 50), ('佳貝', 50), ('貝克', 50)]",[],0
121,美琪,,美琪,"[('義美', 50), ('美則', 50), ('美樂', 50), ('美寧', 50), ('麗美', 50), ('源美', 50), ('美琦', 50), ('美的', 50)]",[],0
122,舒酸定,,舒酸定,[],[],0
123,益喜氏,,益喜氏,[],[],0
124,金絲頓,,金絲頓,[],[],0
125,味王麵,,味王麵,"[('味王', 80), ('味味麵', 67), ('日本味王', 57)]","[('味王', 80)]",1
126,寶馬,,寶馬,"[('寶亨', 50), ('聲寶', 50), ('寶僑', 50), ('寶路', 50), ('鍋寶', 50), ('古寶', 50), ('諾寶', 50), ('藍寶', 50), ('寶島', 50), ('培寶', 50), ('旺寶', 50), ('寶仕', 50), ('龍馬', 50), ('金寶', 50), ('巴馬', 50), ('奇寶', 50), ('威寶', 50), ('汗馬', 50)]",[],0
127,馬玉山,,馬玉山,[],[],0
128,獅王,,獅王,"[('小獅王', 80), ('日本獅王', 67), ('小獅王辛巴', 57), ('花王', 50), ('味王', 50), ('王牌', 50), ('菇王', 50), ('南王', 50), ('王朝', 50), ('大王', 50), ('雄獅', 50)]","[('小獅王', 80)]",1
129,天地合補,,天地合補,[],[],0
130,立得清,,立得清,"[('露得清', 67)]",[],0
131,汪喵星球,,汪喵星球,[],[],0
132,老媽拌麵,,老媽拌麵,"[('千拌麵', 57), ('曾拌麵', 57)]",[],0
133,舒跑,,舒跑,"[('舒潔', 50), ('朵舒', 50), ('舒澡', 50), ('舒珊', 50)]",[],0
134,恩能康見,,恩能康見,[],[],0
135,黑松,,黑松,"[('黑人', 50), ('黑龍', 50), ('福松', 50), ('松井', 50), ('松木', 50)]",[],0
136,莊頭北,,莊頭北,[],[],0
137,柔軟熊,,柔軟熊,[],[],0
138,純喫茶,,純喫茶,[],[],0
139,寶路,,寶路,"[('萬寶路', 80), ('寶亨', 50), ('聲寶', 50), ('寶僑', 50), ('寶馬', 50), ('鍋寶', 50), ('古寶', 50), ('諾寶', 50), ('藍寶', 50), ('寶島', 50), ('培寶', 50), ('旺寶', 50), ('寶仕', 50), ('金寶', 50), ('奇寶', 50), ('威寶', 50)]","[('萬寶路', 80)]",1
140,泰山,,泰山,"[('元山', 50), ('泰安', 50), ('雪山', 50), ('香山', 50), ('山森', 50), ('山水', 50), ('山崎', 50), ('山元', 50), ('山形', 50), ('豪山', 50), ('誠泰', 50), ('富山', 50), ('武山', 50), ('丸山', 50)]",[],0
141,大甲乾麵,,大甲乾麵,"[('大乾麵', 86), ('巷口乾麵', 50)]","[('大乾麵', 86)]",1
142,三多,,三多,"[('多芬', 50), ('三記', 50), ('喜多', 50), ('多哥', 50), ('三洋', 50), ('多納', 50), ('巧多', 50), ('三鷹', 50), ('三菱', 50)]",[],0
143,我的健康日記,,我的健康日記,[],[],0
144,尊爵,,尊爵,"[('爵戀', 50), ('伯爵', 50)]",[],0
145,達新牌,,達新牌,"[('永新牌', 67)]",[],0
146,優仕曼,,優仕曼,[],[],0
147,莉薇特麗,,莉薇特麗,"[('喜特麗', 57)]",[],0
148,哄寶貝,,哄寶貝,"[('熊寶貝', 67), ('寶貝妮', 67), ('好寶貝', 67), ('彎彎寶貝', 57), ('吉尼寶貝', 57), ('寶貝餌子', 57)]",[],0
149,博士美,,博士美,"[('白博士', 67), ('博士巧思', 57), ('艾克博士', 57), ('陸丁博士', 57), ('布朗博士', 57)]",[],0
150,妙管家,,妙管家,[],[],0
151,大拇指,,大拇指,[],[],0
152,西湖市場,,西湖市場,[],[],0
153,初鹿牧場,,初鹿牧場,"[('初鹿', 67), ('初鹿鮮乳', 50), ('台東初鹿', 50), ('柳營牧場', 50), ('飛牛牧場', 50), ('明全牧場', 50), ('禾香牧場', 50)]",[],0
154,蒸鮮之味,,蒸鮮之味,"[('愛之味', 57)]",[],0
155,艾瑪花園,,艾瑪花園,"[('花園', 67), ('艾瑪植萃', 50)]",[],0
156,大衛杜夫,,大衛杜夫,"[('大丈夫', 57)]",[],0
157,旺得福,,旺得福,[],[],0
158,直覺,,直覺,"[('知覺', 50)]",[],0
159,美島水肌,,美島水肌,"[('水涓肌', 57), ('膜力美肌', 50)]",[],0
160,樂邁,,樂邁,"[('刷樂', 50), ('福樂', 50), ('樂天', 50), ('邁士', 50), ('樂金', 50), ('泡樂', 50), ('樂活', 50), ('美樂', 50), ('樂趣', 50)]",[],0
161,韓國不倒翁,,韓國不倒翁,[],[],0
162,愛爾康,,愛爾康,"[('愛爾', 80), ('愛康', 80), ('愛爾曼', 67), ('倍爾康', 67), ('愛益康', 67), ('愛伊健康', 57)]","[('愛爾', 80), ('愛康', 80)]",1
163,家樂福,,家樂福,"[('家福', 80)]","[('家福', 80)]",1
164,金蘭,,金蘭,"[('大金', 50), ('丸金', 50), ('樂金', 50), ('金龍', 50), ('金岡', 50), ('金饌', 50), ('金鹿', 50), ('金車', 50), ('金寶', 50), ('蘭韻', 50)]",[],0
165,比菲多質立,,比菲多質立,"[('比菲多', 75), ('比菲多優意思', 55), ('比菲多乳之初', 55), ('多立康', 50)]",[],0
166,統一瑞穗,,統一瑞穗,"[('統一瑞穗極制', 80), ('統一', 67), ('統一陽光', 50), ('統一生機', 50)]","[('統一瑞穗極制', 80)]",1
167,家福,,家福,"[('家樂福', 80), ('米家', 50), ('福樂', 50), ('娘家', 50), ('福汎', 50), ('福松', 50), ('福記', 50), ('易家', 50)]","[('家樂福', 80)]",1
168,赫而司,,赫而司,[],[],0
169,新生,,新生,"[('嬌生', 50), ('優生', 50), ('生活', 50), ('新格', 50), ('新味', 50), ('新奇', 50), ('鼎新', 50), ('民生', 50)]",[],0
170,丸金,,丸金,"[('大金', 50), ('金蘭', 50), ('丸莊', 50), ('樂金', 50), ('金龍', 50), ('金岡', 50), ('金饌', 50), ('金鹿', 50), ('金車', 50), ('丸秀', 50), ('金寶', 50), ('丸進', 50), ('丸山', 50), ('丸友', 50)]",[],0
171,尚朋堂,,尚朋堂,[],[],0
172,資生堂,,資生堂,[],[],0
173,大正,,大正,"[('大金', 50), ('屏大', 50), ('正康', 50), ('大研', 50), ('正牛', 50), ('大河', 50), ('大醬', 50), ('大王', 50), ('大芳', 50), ('大昌', 50), ('正豐', 50)]",[],0
174,唯潔雅,,唯潔雅,"[('倍潔雅', 67), ('唯浴雅', 67)]",[],0
175,麗仕,,麗仕,"[('威仕', 50), ('名仕', 50), ('麗白', 50), ('寶仕', 50), ('麗美', 50), ('麗莎', 50), ('麗奇', 50), ('台麗', 50), ('派仕', 50)]",[],0
176,永信藥品,,永信藥品,"[('永信', 67), ('永信牌', 57)]",[],0
177,茶裏王,,茶裏王,[],[],0
178,福樂,,福樂,"[('福樂鮮攪', 67), ('福樂一番鮮', 57), ('福樂自然零', 57), ('刷樂', 50), ('樂邁', 50), ('家福', 50), ('樂天', 50), ('福樂頂級優酪', 50), ('樂金', 50), ('泡樂', 50), ('樂活', 50), ('美樂', 50), ('福樂低脂優酪', 50), ('福汎', 50), ('樂趣', 50), ('福松', 50), ('福記', 50)]",[],0
179,千拌麵,,千拌麵,"[('曾拌麵', 67), ('老媽拌麵', 57), ('小夫妻拌麵', 50)]",[],0
180,貝恩,,貝恩,"[('貝親', 50), ('培恩', 50), ('康貝', 50), ('佳貝', 50), ('貝克', 50)]",[],0
181,清淨海,,清淨海,"[('清淨園', 67)]",[],0
182,虎牌,,虎牌,"[('王牌', 50), ('臺虎', 50), ('虎屋', 50), ('滴牌', 50), ('日虎', 50), ('虎牙', 50)]",[],0
183,培恩,,培恩,"[('貝恩', 50), ('培寶', 50)]",[],0
184,雪山,,雪山,"[('元山', 50), ('雪坊', 50), ('泰山', 50), ('香山', 50), ('山森', 50), ('雷雪', 50), ('山水', 50), ('山崎', 50), ('雪比', 50), ('白雪', 50), ('山元', 50), ('山形', 50), ('豪山', 50), ('富山', 50), ('北海道大雪山', 50), ('武山', 50), ('丸山', 50)]",[],0
185,濱田,,濱田,"[('安田', 50), ('上田', 50), ('田記', 50), ('盛田', 50), ('御田', 50)]",[],0
186,史邁爾,,史邁爾,[],[],0
187,雲南白藥,,雲南白藥,[],[],0
188,多芬,,多芬,"[('三多', 50), ('喜多', 50), ('多哥', 50), ('多納', 50), ('潔芬', 50), ('巧多', 50)]",[],0
189,澳潔蕬,,澳潔蕬,[],[],0
190,屈臣氏,,屈臣氏,[],[],0
191,曾拌麵,,曾拌麵,"[('千拌麵', 67), ('老媽拌麵', 57), ('小夫妻拌麵', 50)]",[],0
192,御茶園,,御茶園,"[('茉莉茶園', 57)]",[],0
193,維力炸醬麵,,維力炸醬麵,"[('維力媽媽麵', 60), ('維大力', 50)]",[],0
194,脫普,,脫普,"[('夏普', 50), ('普登', 50), ('普潔', 50)]",[],0
195,麥迪森,,麥迪森,[],[],0
196,冰火,,冰火,[],[],0
197,倫敦登喜路,,倫敦登喜路,[],[],0
198,台鹽生技,,台鹽生技,"[('台酒生技', 75), ('台海生技', 75), ('台鹽', 67), ('統欣生技', 50), ('信東生技', 50), ('宏醫生技', 50), ('大醫生技', 50), ('台塑生醫', 50), ('遠東生技', 50), ('長庚生技', 50), ('三井生技', 50), ('鑫耀生技', 50), ('創益生技', 50)]",[],0
199,芙夏妮,,芙夏妮,"[('蓓芙妮', 67)]",[],0
200,蘇菲,,蘇菲,[],[],0
201,歌林,,歌林,"[('林內', 50)]",[],0
202,爵戀,,爵戀,"[('尊爵', 50), ('戀戀', 50), ('眷戀', 50), ('伯爵', 50)]",[],0
203,大補帖,,大補帖,[],[],0
204,大家源,,大家源,[],[],0
205,麵大師,,麵大師,"[('健身大師', 57), ('金牌大師', 57)]",[],0
206,白帥帥,,白帥帥,[],[],0
207,施巴,,施巴,"[('巴馬', 50)]",[],0
208,台熱牌,,台熱牌,[],[],0
209,卡夫亨氏,,卡夫亨氏,[],[],0
210,五月花,,五月花,[],[],0
211,三詩達,,三詩達,[],[],0
212,四季,,四季,"[('四葉', 50)]",[],0
213,李錦記,,李錦記,"[('李記', 80)]","[('李記', 80)]",1
214,日本石鹸,,日本石鹸,"[('北日本', 57), ('日本獅王', 50), ('日本花王', 50), ('日本味王', 50), ('日本三洋', 50)]",[],0
215,諾得,,諾得,"[('得意', 50), ('諾寶', 50), ('珊諾', 50), ('諾資', 50), ('善得', 50)]",[],0
216,小獅王,,小獅王,"[('獅王', 80), ('小獅王辛巴', 75), ('日本獅王', 57)]","[('獅王', 80)]",1
217,鍋寶,,鍋寶,"[('寶亨', 50), ('聲寶', 50), ('寶僑', 50), ('寶馬', 50), ('寶路', 50), ('古寶', 50), ('諾寶', 50), ('藍寶', 50), ('寶島', 50), ('培寶', 50), ('旺寶', 50), ('寶仕', 50), ('金寶', 50), ('真鍋', 50), ('奇寶', 50), ('威寶', 50)]",[],0
218,拜維佳,,拜維佳,[],[],0
219,國際牌,,國際牌,"[('國際', 80), ('明洞國際', 57), ('頂尖國際', 57)]","[('國際', 80)]",1
220,嚕啦啦,,嚕啦啦,"[('莎啦莎啦', 57)]",[],0
221,比菲多優意思,,比菲多優意思,"[('比菲多', 67), ('比菲多質立', 55), ('比菲多乳之初', 50)]",[],0
222,麥香,,麥香,"[('香山', 50)]",[],0
223,高地卡尼,,高地卡尼,"[('高地之泉', 50)]",[],0
224,維力原祖,,維力原祖,"[('維大力', 57)]",[],0
225,沈杯杯,,沈杯杯,[],[],0
226,花王,,花王,"[('日本花王', 67), ('獅王', 50), ('味王', 50), ('王牌', 50), ('絲花', 50), ('菇王', 50), ('南王', 50), ('王朝', 50), ('大王', 50), ('花園', 50)]",[],0
227,索樂生活,,索樂生活,"[('生活', 67), ('樂活', 67), ('愛生活', 57), ('生活工場', 50), ('常春樂活', 50), ('生活良好', 50)]",[],0
228,喜樂之泉,,喜樂之泉,"[('酷之泉', 57), ('高地之泉', 50)]",[],0
229,依洛嘉,,依洛嘉,[],[],0
230,立頓,,立頓,[],[],0
231,加倍潔,,加倍潔,"[('倍潔雅', 67)]",[],0
232,日虹,,日虹,"[('日虹牌', 80), ('日清', 50), ('日象', 50), ('日虎', 50), ('日濢', 50), ('日青', 50), ('朝日', 50)]","[('日虹牌', 80)]",1
233,馬修嚴選,,馬修嚴選,"[('小魚嚴選', 50)]",[],0
234,樂天,,樂天,"[('刷樂', 50), ('樂邁', 50), ('福樂', 50), ('天文', 50), ('樂金', 50), ('泡樂', 50), ('樂活', 50), ('美樂', 50), ('天天', 50), ('樂趣', 50), ('參天', 50)]",[],0
235,古寶,,古寶,"[('古酵寶', 80), ('古寶無患子', 57), ('寶亨', 50), ('聲寶', 50), ('寶僑', 50), ('寶馬', 50), ('寶路', 50), ('鍋寶', 50), ('諾寶', 50), ('古道', 50), ('藍寶', 50), ('寶島', 50), ('培寶', 50), ('旺寶', 50), ('寶仕', 50), ('古吉', 50), ('金寶', 50), ('奇寶', 50), ('威寶', 50)]","[('古酵寶', 80)]",1
236,三得利,,三得利,[],[],0
237,萊萃美,,萊萃美,[],[],0
238,長壽,,長壽,"[('賀壽', 50), ('長庚', 50)]",[],0
239,卜蜂,,卜蜂,"[('蜂鳥', 50)]",[],0
240,香山,,香山,"[('元山', 50), ('泰山', 50), ('雪山', 50), ('麥香', 50), ('山森', 50), ('山水', 50), ('山崎', 50), ('山元', 50), ('山形', 50), ('豪山', 50), ('富山', 50), ('武山', 50), ('丸山', 50)]",[],0
241,好立善,,好立善,[],[],0
242,山森,,山森,"[('元山', 50), ('泰山', 50), ('雪山', 50), ('香山', 50), ('山水', 50), ('森潤', 50), ('山崎', 50), ('山元', 50), ('山形', 50), ('豪山', 50), ('富山', 50), ('武山', 50), ('丸山', 50)]",[],0
243,邁士,,邁士,"[('樂邁', 50), ('富士', 50)]",[],0
244,鷹記維他,,鷹記維他,"[('維他麥', 57), ('愛維他', 57), ('維他露', 57), ('維他盒子', 50)]",[],0
245,白人,,白人,"[('白鴿', 50), ('黑人', 50), ('白雪', 50), ('麗白', 50), ('白象', 50)]",[],0
246,優活,,優活,"[('優活力', 80), ('優生', 50), ('生活', 50), ('樂活', 50), ('優品', 50), ('優柏', 50), ('活力', 50), ('優護', 50)]","[('優活力', 80)]",1
247,冷泡茶,,冷泡茶,[],[],0
248,味王,,味王,"[('味王麵', 80), ('日本味王', 67), ('味全', 50), ('味丹', 50), ('獅王', 50), ('花王', 50), ('王牌', 50), ('新味', 50), ('厝味', 50), ('味榮', 50), ('菇王', 50), ('南王', 50), ('王朝', 50), ('大王', 50), ('鋒味', 50), ('和味', 50)]","[('味王麵', 80)]",1
249,沛綠雅,,沛綠雅,[],[],0
250,落建,,落建,"[('建銓', 50)]",[],0
251,萬寶路,,萬寶路,"[('寶路', 80)]","[('寶路', 80)]",1
252,芊柔,,芊柔,"[('詩柔', 50)]",[],0
253,無印良品,,無印良品,[],[],0
254,四葉,,四葉,"[('四季', 50), ('輝葉', 50), ('楓葉', 50)]",[],0
255,隨緣,,隨緣,"[('綺緣', 50)]",[],0
256,生活,,生活,"[('愛生活', 80), ('索樂生活', 67), ('生活工場', 67), ('生活良好', 67), ('嬌生', 50), ('優生', 50), ('新生', 50), ('優活', 50), ('樂活', 50), ('活力', 50), ('民生', 50)]","[('愛生活', 80)]",1
257,橘子工坊,,橘子工坊,"[('酵速工坊', 50), ('柑橘王子', 50), ('蜜蜂工坊', 50)]",[],0
258,靠得住,,靠得住,[],[],0
259,福樂自然零,,福樂自然零,"[('自然零', 75), ('福樂', 57), ('自然派', 50), ('饅自然', 50)]",[],0
260,石頭科技,,石頭科技,[],[],0
261,淬釀,,淬釀,[],[],0
262,愛可妮,,愛可妮,[],[],0
263,威德,,威德,"[('百威', 50), ('勁威', 50), ('威仕', 50), ('德記', 50), ('威寶', 50)]",[],0
264,享溫馨,,享溫馨,[],[],0
265,阿舍食堂,,阿舍食堂,"[('食芋堂', 57), ('御膳食堂', 50), ('深夜食堂', 50)]",[],0
266,健康廚房,,健康廚房,"[('健康力', 57), ('蒸健康', 57), ('健康曙光', 50), ('健康快遞', 50), ('活力廚房', 50), ('健康物語', 50), ('每朝健康', 50), ('健康總匯', 50), ('愛伊健康', 50), ('狗子廚房', 50)]",[],0
267,相模,,相模,[],[],0
268,數位,,數位,[],[],0
269,熊野,,熊野,[],[],0
270,飲冰室茶集,,飲冰室茶集,[],[],0
271,莫凡彼,,莫凡彼,[],[],0
272,安安,,安安,"[('小安安', 80), ('泰安', 50), ('安田', 50), ('安雅', 50), ('安親', 50), ('安爽', 50)]","[('小安安', 80)]",1
273,雷雪,,雷雪,"[('雪坊', 50), ('雪山', 50), ('雷峰', 50), ('雪比', 50), ('白雪', 50)]",[],0
274,舒味思,,舒味思,[],[],0
275,一匙靈,,一匙靈,[],[],0
276,輕鬆小品,,輕鬆小品,[],[],0
277,高大鮮乳,,高大鮮乳,"[('光泉鮮乳', 50), ('初鹿鮮乳', 50)]",[],0
278,大乾麵,,大乾麵,"[('大甲乾麵', 86), ('巷口乾麵', 57)]","[('大甲乾麵', 86)]",1
279,丸莊,,丸莊,"[('丸金', 50), ('丸秀', 50), ('丸進', 50), ('丸山', 50), ('丸友', 50)]",[],0
280,風騰,,風騰,"[('春風', 50), ('惠騰', 50), ('風格', 50), ('國騰', 50), ('勳風', 50)]",[],0
281,采媚,,采媚,"[('采緹', 50)]",[],0
282,小綠人,,小綠人,[],[],0
283,新樂園,,新樂園,[],[],0
284,禾護,,禾護,"[('禾聯', 50), ('優護', 50), ('快護', 50)]",[],0
285,大潤發,,大潤發,[],[],0
286,華佗,,華佗,"[('華陀', 50), ('富華', 50), ('華冠', 50), ('西華', 50), ('愛華', 50), ('華菱', 50)]",[],0
287,飛利浦,,飛利浦,[],[],0
288,木槿花,,木槿花,[],[],0
289,極淨,,極淨,"[('極淨適', 80)]","[('極淨適', 80)]",1
290,上山採藥,,上山採藥,[],[],0
291,安田,,安田,"[('泰安', 50), ('濱田', 50), ('安安', 50), ('安雅', 50), ('上田', 50), ('安親', 50), ('田記', 50), ('安爽', 50), ('盛田', 50), ('御田', 50)]",[],0
292,御天犬,,御天犬,[],[],0
293,皇貓,,皇貓,"[('皇冠', 50), ('皇鼎', 50), ('品皇', 50)]",[],0
294,統欣生技,,統欣生技,"[('統欣生物科技', 80), ('台鹽生技', 50), ('信東生技', 50), ('統一生機', 50), ('台酒生技', 50), ('宏醫生技', 50), ('大醫生技', 50), ('遠東生技', 50), ('台海生技', 50), ('長庚生技', 50), ('三井生技', 50), ('鑫耀生技', 50), ('創益生技', 50)]","[('統欣生物科技', 80)]",1
295,開喜,,開喜,"[('七喜', 50), ('喜多', 50), ('愛喜', 50)]",[],0
296,初鹿鮮乳,,初鹿鮮乳,"[('初鹿', 67), ('光泉鮮乳', 50), ('初鹿牧場', 50), ('高大鮮乳', 50), ('台東初鹿', 50)]",[],0
297,享食尚,,享食尚,"[('享味食光', 57)]",[],0
298,美則,,美則,"[('義美', 50), ('美琪', 50), ('美樂', 50), ('美寧', 50), ('麗美', 50), ('源美', 50), ('美琦', 50), ('美的', 50)]",[],0
299,東泉,,東泉,"[('東成', 50), ('英泉', 50), ('東芝', 50), ('東元', 50), ('龍泉', 50), ('東凌', 50), ('東邦', 50), ('信東', 50), ('東銘', 50)]",[],0
300,信東生技,,信東生技,"[('遠東生技', 75), ('信東', 67), ('台鹽生技', 50), ('統欣生技', 50), ('台酒生技', 50), ('宏醫生技', 50), ('大醫生技', 50), ('台海生技', 50), ('長庚生技', 50), ('三井生技', 50), ('鑫耀生技', 50), ('創益生技', 50)]",[],0
301,膜力美肌,,膜力美肌,"[('美島水肌', 50)]",[],0
302,老協珍,,老協珍,[],[],0
303,比菲多,,比菲多,"[('比菲多質立', 75), ('比菲多優意思', 67), ('比菲多乳之初', 67)]",[],0
304,波爾,,波爾,"[('牛爾', 50), ('波力', 50), ('愛爾', 50), ('海爾', 50)]",[],0
305,美吾髮,,美吾髮,[],[],0
306,沙宣,,沙宣,[],[],0
307,三記,,三記,"[('三多', 50), ('寧記', 50), ('三洋', 50), ('田記', 50), ('福記', 50), ('德記', 50), ('李記', 50), ('三鷹', 50), ('三菱', 50)]",[],0
308,費拉拉,,費拉拉,[],[],0
309,諾寶,,諾寶,"[('寶亨', 50), ('聲寶', 50), ('寶僑', 50), ('寶馬', 50), ('寶路', 50), ('諾得', 50), ('鍋寶', 50), ('古寶', 50), ('藍寶', 50), ('寶島', 50), ('培寶', 50), ('旺寶', 50), ('珊諾', 50), ('諾資', 50), ('寶仕', 50), ('金寶', 50), ('奇寶', 50), ('威寶', 50)]",[],0
310,維他麥,,維他麥,"[('愛維他', 67), ('維他露', 67), ('鷹記維他', 57), ('維他盒子', 57)]",[],0
311,寶貝妮,,寶貝妮,"[('熊寶貝', 67), ('哄寶貝', 67), ('好寶貝', 67), ('彎彎寶貝', 57), ('吉尼寶貝', 57), ('寶貝餌子', 57)]",[],0
312,拌天下,,拌天下,"[('遊遍天下', 57)]",[],0
313,蓓比適,,蓓比適,[],[],0
314,禾聯,,禾聯,"[('禾護', 50), ('聯碩', 50), ('聯統', 50)]",[],0
315,午后時光,,午后時光,"[('幸福時光', 50)]",[],0
316,自然之綠,,自然之綠,"[('自然零', 57), ('自然派', 57), ('饅自然', 57), ('自然主義', 50)]",[],0
317,亞莉佳,,亞莉佳,[],[],0
318,日本獅王,,日本獅王,"[('日本花王', 75), ('日本味王', 75), ('獅王', 67), ('小獅王', 57), ('北日本', 57), ('日本石鹸', 50), ('日本三洋', 50)]",[],0
319,金色三麥,,金色三麥,[],[],0
320,濃韻,,濃韻,"[('蘭韻', 50)]",[],0
321,摩爾思,,摩爾思,"[('必爾思', 67), ('可爾必思', 57)]",[],0
322,晨捷,,晨捷,"[('晨昌', 50)]",[],0
323,博士巧思,,博士巧思,"[('博士美', 57), ('白博士', 57), ('艾克博士', 50), ('陸丁博士', 50), ('布朗博士', 50)]",[],0
324,華陀,,華陀,"[('華陀扶元堂', 57), ('華佗', 50), ('富華', 50), ('華冠', 50), ('西華', 50), ('愛華', 50), ('華菱', 50)]",[],0
325,牛乳石鹼,,牛乳石鹼,"[('第一石鹼', 50)]",[],0
326,拉麵道,,拉麵道,[],[],0
327,新格,,新格,"[('新生', 50), ('新味', 50), ('風格', 50), ('新奇', 50), ('鼎新', 50)]",[],0
328,野獸叢林,,野獸叢林,[],[],0
329,金車柏克金,,金車柏克金,"[('金車', 57), ('金金廣', 50)]",[],0
330,西螺農會,,西螺農會,"[('農會', 67), ('農會牌', 57), ('員山農會', 50), ('西螺大同', 50), ('羅東農會', 50)]",[],0
331,古道,,古道,"[('古寶', 50), ('古吉', 50)]",[],0
332,味全萬丹,,味全萬丹,"[('味全', 67), ('味丹', 67)]",[],0
333,松本清,,松本清,[],[],0
334,巴洛亞,,巴洛亞,[],[],0
335,鮮一杯,,鮮一杯,"[('鮮一番', 67)]",[],0
336,嘉士伯,,嘉士伯,[],[],0
337,台農,,台農,"[('台灣農林', 67), ('台農崙背', 67), ('台農燕巢', 67), ('台農鮮乳廠', 57), ('台中市農會', 57), ('台鹽', 50), ('台酒', 50), ('台啤', 50), ('農心', 50), ('台畜', 50), ('農會', 50), ('國農', 50), ('台鳳', 50), ('綠農', 50), ('台塑', 50), ('台麗', 50), ('興農', 50), ('台塩', 50)]",[],0
338,齒妍堂,,齒妍堂,[],[],0
339,遊遍天下,,遊遍天下,"[('拌天下', 57)]",[],0
340,可果美,,可果美,[],[],0
341,完美安可,,完美安可,[],[],0
342,喜又美,,喜又美,[],[],0
343,孝親,,孝親,"[('貝親', 50), ('安親', 50)]",[],0
344,京城之霜,,京城之霜,[],[],0
345,七喜,,七喜,"[('七星', 50), ('開喜', 50), ('喜多', 50), ('愛喜', 50)]",[],0
346,東芝,,東芝,"[('東成', 50), ('東泉', 50), ('東元', 50), ('東凌', 50), ('東邦', 50), ('信東', 50), ('東銘', 50)]",[],0
347,淺利佐助商店,,淺利佐助商店,[],[],0
348,一家人,,一家人,"[('一品夫人', 57)]",[],0
349,全健護,,全健護,[],[],0
350,滿意寶寶,,滿意寶寶,"[('熊寶寶', 57), ('獅子寶寶', 50)]",[],0
351,海之鮇,,海之鮇,[],[],0
352,德拉美,,德拉美,"[('菲蘇德美', 57)]",[],0
353,自然零,,自然零,"[('福樂自然零', 75), ('自然派', 67), ('饅自然', 67), ('自然之綠', 57), ('自然主義', 57), ('東森自然美', 50)]",[],0
354,水平衡,,水平衡,[],[],0
355,愛生活,,愛生活,"[('生活', 80), ('愛迪生', 67), ('索樂生活', 57), ('生活工場', 57), ('生活良好', 57)]","[('生活', 80)]",1
356,紅米,,紅米,"[('小米', 50), ('米家', 50), ('紅印', 50), ('京紅', 50), ('雲米', 50), ('紅牛', 50), ('米徠', 50), ('米物', 50)]",[],0
357,優先順,,優先順,[],[],0
358,牛爾,,牛爾,"[('波爾', 50), ('愛爾', 50), ('正牛', 50), ('海爾', 50), ('紅牛', 50)]",[],0
359,工研,,工研,"[('大研', 50), ('理研', 50), ('晶工', 50)]",[],0
360,皇雀咖啡,,皇雀咖啡,"[('女皇咖啡', 75), ('藏咖啡', 57), ('卡薩咖啡', 50), ('江鳥咖啡', 50), ('澤井咖啡', 50), ('伯朗咖啡', 50), ('咖啡廣場', 50), ('咖啡工廠', 50), ('興波咖啡', 50), ('熊愛咖啡', 50), ('微美咖啡', 50), ('愛戀咖啡', 50), ('樂家咖啡', 50), ('湛盧咖啡', 50), ('成真咖啡', 50)]",[],0
361,快潔適,,快潔適,[],[],0
362,吶一口,,吶一口,[],[],0
363,蕾妮亞,,蕾妮亞,[],[],0
364,橘平屋,,橘平屋,[],[],0
365,科沃斯,,科沃斯,[],[],0
366,喜多,,喜多,"[('三多', 50), ('多芬', 50), ('開喜', 50), ('七喜', 50), ('愛喜', 50), ('多哥', 50), ('多納', 50), ('巧多', 50)]",[],0
367,雙響泡,,雙響泡,[],[],0
368,滴露,,滴露,"[('海滴', 50), ('滴牌', 50), ('旺滴', 50)]",[],0
369,蓓爾麗,,蓓爾麗,[],[],0
370,富及第,,富及第,[],[],0
371,素飄香,,素飄香,[],[],0
372,艾克博士,,艾克博士,"[('博士美', 57), ('白博士', 57), ('博士巧思', 50), ('陸丁博士', 50), ('布朗博士', 50)]",[],0
373,悅氏茶品,,悅氏茶品,"[('悅氏', 67)]",[],0
374,達摩本草,,達摩本草,[],[],0
375,木村,,木村,"[('松木', 50)]",[],0
376,光泉豆漿,,光泉豆漿,"[('光泉鮮乳', 50)]",[],0
377,日本花王,,日本花王,"[('日本獅王', 75), ('日本味王', 75), ('花王', 67), ('北日本', 57), ('日本石鹸', 50), ('日本三洋', 50)]",[],0
378,志斌,,志斌,[],[],0
379,克補,,克補,"[('克寧', 50), ('蒂克', 50), ('貝克', 50)]",[],0
380,惠騰,,惠騰,"[('風騰', 50), ('國騰', 50), ('惠健', 50)]",[],0
381,御鼎興,,御鼎興,[],[],0
382,威瑪舒培,,威瑪舒培,[],[],0
383,克菲爾,,克菲爾,[],[],0
384,菲蘇德美,,菲蘇德美,"[('德拉美', 57)]",[],0
385,御衣坊,,御衣坊,"[('御膳坊', 67), ('億長御坊', 57)]",[],0
386,黑龍,,黑龍,"[('黑人', 50), ('龍鳳', 50), ('黑松', 50), ('金龍', 50), ('龍宏', 50), ('龍泉', 50), ('龍馬', 50), ('佳龍', 50)]",[],0
387,娘家,,娘家,"[('米家', 50), ('家福', 50), ('易家', 50)]",[],0
388,日本味王,,日本味王,"[('日本獅王', 75), ('日本花王', 75), ('味王', 67), ('味王麵', 57), ('北日本', 57), ('日本石鹸', 50), ('日本三洋', 50)]",[],0
389,愛喜,,愛喜,"[('開喜', 50), ('七喜', 50), ('喜多', 50), ('愛買', 50), ('愛力', 50), ('愛爾', 50), ('真愛', 50), ('臻愛', 50), ('愛康', 50), ('愛棒', 50), ('愛華', 50)]",[],0
390,金美克能,,金美克能,[],[],0
391,天文,,天文,"[('樂天', 50), ('天天', 50), ('參天', 50)]",[],0
392,包大人,,包大人,[],[],0
393,福樂頂級優酪,,福樂頂級優酪,"[('福樂低脂優酪', 67), ('光泉頂級鮮奶優酪', 57), ('福樂', 50)]",[],0
394,原燒貓罐,,原燒貓罐,[],[],0
395,員山農會,,員山農會,"[('農會', 67), ('農會牌', 57), ('西螺農會', 50), ('羅東農會', 50)]",[],0
396,紅茶花伝,,紅茶花伝,[],[],0
397,味味麵,,味味麵,"[('味王麵', 67), ('味味一品', 57)]",[],0
398,波力,,波力,"[('波爾', 50), ('愛力', 50), ('活力', 50)]",[],0
399,善存,,善存,"[('善得', 50)]",[],0
400,歐樂芬,,歐樂芬,[],[],0
401,必盛氏,,必盛氏,[],[],0
402,太和殿,,太和殿,[],[],0
403,艾惟諾,,艾惟諾,[],[],0
404,天使娜拉,,天使娜拉,[],[],0
405,艾維特,,艾維特,"[('艾美特', 67), ('艾特優', 67)]",[],0
406,統一瑞穗極制,,統一瑞穗極制,"[('統一瑞穗', 80), ('統一', 50)]","[('統一瑞穗', 80)]",1
407,茉莉茶園,,茉莉茶園,"[('御茶園', 57)]",[],0
408,摩斯,,摩斯,"[('斯斯', 50), ('耐斯', 50)]",[],0
409,微舒打,,微舒打,[],[],0
410,露得清,,露得清,"[('立得清', 67)]",[],0
411,慢熟,,慢熟,[],[],0
412,存元堂,,存元堂,"[('元氣堂', 67), ('華陀扶元堂', 50)]",[],0
413,山水,,山水,"[('千山淨水', 67), ('元山', 50), ('泰山', 50), ('雪山', 50), ('香山', 50), ('山森', 50), ('山崎', 50), ('山元', 50), ('山形', 50), ('豪山', 50), ('富山', 50), ('武山', 50), ('丸山', 50)]",[],0
414,樂金,,樂金,"[('刷樂', 50), ('大金', 50), ('樂邁', 50), ('金蘭', 50), ('丸金', 50), ('福樂', 50), ('樂天', 50), ('金龍', 50), ('金岡', 50), ('泡樂', 50), ('樂活', 50), ('金饌', 50), ('美樂', 50), ('金鹿', 50), ('樂趣', 50), ('金車', 50), ('金寶', 50)]",[],0
415,屏大,,屏大,"[('屏科大', 80), ('大金', 50), ('大正', 50), ('大研', 50), ('大河', 50), ('大醬', 50), ('大王', 50), ('大芳', 50), ('大昌', 50)]","[('屏科大', 80)]",1
416,御膳食堂,,御膳食堂,"[('食芋堂', 57), ('麻膳堂', 57), ('御膳坊', 57), ('阿舍食堂', 50), ('深夜食堂', 50)]",[],0
417,康是美,,康是美,"[('康是美自有品牌', 60)]",[],0
418,小夫妻拌麵,,小夫妻拌麵,"[('千拌麵', 50), ('曾拌麵', 50)]",[],0
419,愛買,,愛買,"[('愛喜', 50), ('愛力', 50), ('愛爾', 50), ('真愛', 50), ('臻愛', 50), ('愛康', 50), ('愛棒', 50), ('愛華', 50)]",[],0
420,藍寶,,藍寶,"[('寶亨', 50), ('聲寶', 50), ('寶僑', 50), ('寶馬', 50), ('寶路', 50), ('鍋寶', 50), ('古寶', 50), ('諾寶', 50), ('寶島', 50), ('培寶', 50), ('旺寶', 50), ('寶仕', 50), ('金寶', 50), ('奇寶', 50), ('威寶', 50)]",[],0
421,健安喜,,健安喜,[],[],0
422,日本三洋,,日本三洋,"[('三洋', 67), ('北日本', 57), ('日本石鹸', 50), ('日本獅王', 50), ('日本花王', 50), ('日本味王', 50), ('台灣三洋', 50)]",[],0
423,王牌,,王牌,"[('獅王', 50), ('虎牌', 50), ('花王', 50), ('味王', 50), ('滴牌', 50), ('菇王', 50), ('南王', 50), ('王朝', 50), ('大王', 50)]",[],0
424,安雅,,安雅,"[('泰安', 50), ('安安', 50), ('安田', 50), ('雅方', 50), ('安親', 50), ('雅保', 50), ('安爽', 50)]",[],0
425,植物的優,,植物的優,[],[],0
426,屏東監獄,,屏東監獄,[],[],0
427,統一蜜豆奶,,統一蜜豆奶,"[('統一', 57)]",[],0
428,添寧,,添寧,"[('寧記', 50), ('美寧', 50), ('克寧', 50)]",[],0
429,優級首選加州鮮乳,,優級首選加州鮮乳,[],[],0
430,肯尼士,,肯尼士,"[('紐約肯尼', 57)]",[],0
431,古寶無患子,,古寶無患子,"[('古寶', 57), ('古酵寶', 50)]",[],0
432,烤一百,,烤一百,[],[],0
433,西北,,西北,"[('川西', 50), ('西華', 50), ('老北', 50)]",[],0
434,星巴克,,星巴克,[],[],0
435,年方十八,,年方十八,[],[],0
436,白博士,,白博士,"[('博士美', 67), ('博士巧思', 57), ('艾克博士', 57), ('陸丁博士', 57), ('布朗博士', 57)]",[],0
437,無塵氏,,無塵氏,[],[],0
438,華陀扶元堂,,華陀扶元堂,"[('華陀', 57), ('存元堂', 50), ('元氣堂', 50)]",[],0
439,愛維他,,愛維他,"[('維他麥', 67), ('維他露', 67), ('鷹記維他', 57), ('維他盒子', 57)]",[],0
440,卡旺,,卡旺,"[('旺寶', 50), ('卡氛', 50), ('旺滴', 50)]",[],0
441,益妍莓后,,益妍莓后,[],[],0
442,新生活純鮮乳品,,新生活純鮮乳品,[],[],0
443,台塑生醫 醫之方,,台塑生醫 醫之方,"[('台塑生醫', 67), ('醫之方', 55)]",[],0
444,愛力,,愛力,"[('愛力根', 80), ('愛引力', 80), ('愛美力', 80), ('愛喜', 50), ('波力', 50), ('愛買', 50), ('愛爾', 50), ('真愛', 50), ('臻愛', 50), ('活力', 50), ('愛康', 50), ('愛棒', 50), ('愛華', 50)]","[('愛力根', 80), ('愛引力', 80), ('愛美力', 80)]",1
445,獅子寶寶,,獅子寶寶,"[('熊寶寶', 57), ('滿意寶寶', 50)]",[],0
446,日田天領水,,日田天領水,[],[],0
447,優佳麗,,優佳麗,[],[],0
448,綠的,,綠的,"[('綠農', 50), ('綠地', 50), ('美的', 50)]",[],0
449,原木香,,原木香,"[('田原香', 67)]",[],0
450,海昌,,海昌,"[('海滴', 50), ('海爾', 50), ('海瑞', 50), ('大昌', 50), ('海饌', 50), ('別海', 50), ('晨昌', 50)]",[],0
451,台東初鹿,,台東初鹿,"[('初鹿', 67), ('初鹿牧場', 50), ('初鹿鮮乳', 50)]",[],0
452,統一,,統一,"[('統一陽光', 67), ('統一瑞穗', 67), ('統一生機', 67), ('統一蜜豆奶', 57), ('統一水果牛乳', 50), ('統一瑞穗極制', 50), ('富統', 50), ('統洋', 50), ('一引', 50), ('聯統', 50)]",[],0
453,絲花,,絲花,"[('花王', 50), ('芙絲', 50), ('花園', 50)]",[],0
454,正康,,正康,"[('大正', 50), ('楓康', 50), ('維康', 50), ('康萃', 50), ('正牛', 50), ('康澤', 50), ('悠康', 50), ('康朵', 50), ('康貝', 50), ('愛康', 50), ('正豐', 50)]",[],0
455,黑船長,,黑船長,[],[],0
456,舒益優,,舒益優,"[('益豆之優', 57)]",[],0
457,韓味不二,,韓味不二,"[('不二珍套', 50)]",[],0
458,國際,,國際,"[('國際牌', 80), ('明洞國際', 67), ('頂尖國際', 67), ('國農', 50), ('國騰', 50)]","[('國際牌', 80)]",1
459,埔里,,埔里,[],[],0
460,楓康,,楓康,"[('正康', 50), ('維康', 50), ('康萃', 50), ('康澤', 50), ('悠康', 50), ('康朵', 50), ('康貝', 50), ('愛康', 50), ('楓葉', 50)]",[],0
461,食芋堂,,食芋堂,"[('阿舍食堂', 57), ('御膳食堂', 57), ('深夜食堂', 57)]",[],0
462,夏普,,夏普,"[('脫普', 50), ('普登', 50), ('普潔', 50)]",[],0
463,雲谷,,雲谷,"[('雲米', 50), ('川雲', 50)]",[],0
464,詩丹雅蘭,,詩丹雅蘭,"[('詩沛格蘭', 50)]",[],0
465,庵古坑,,庵古坑,"[('古坑鄉農會', 50)]",[],0
466,多哥,,多哥,"[('三多', 50), ('多芬', 50), ('喜多', 50), ('多納', 50), ('奇哥', 50), ('巧多', 50)]",[],0
467,多立康,,多立康,"[('比菲多質立', 50)]",[],0
468,黑惡魔,,黑惡魔,[],[],0
469,可爾必思,,可爾必思,"[('摩爾思', 57), ('必爾思', 57)]",[],0
470,網狐家居,,網狐家居,[],[],0
471,萃樂口,,萃樂口,[],[],0
472,上豪,,上豪,"[('上田', 50), ('雙豪', 50), ('豪山', 50), ('上元', 50)]",[],0
473,因特力淨,,因特力淨,"[('特力屋', 57)]",[],0
474,波斯優格,,波斯優格,[],[],0
475,雷峰,,雷峰,"[('雷雪', 50)]",[],0
476,威仕,,威仕,"[('百威', 50), ('勁威', 50), ('麗仕', 50), ('威德', 50), ('名仕', 50), ('寶仕', 50), ('派仕', 50), ('威寶', 50)]",[],0
477,雞老大,,雞老大,[],[],0
478,美味關係,,美味關係,"[('美味小舖', 50)]",[],0
479,韓廚,,韓廚,[],[],0
480,森潤,,森潤,"[('山森', 50), ('沐潤', 50), ('珂潤', 50)]",[],0
481,玩美日記,,玩美日記,[],[],0
482,優兒康,,優兒康,[],[],0
483,友情牌,,友情牌,[],[],0
484,寶島,,寶島,"[('寶亨', 50), ('聲寶', 50), ('寶僑', 50), ('寶馬', 50), ('寶路', 50), ('鍋寶', 50), ('古寶', 50), ('諾寶', 50), ('藍寶', 50), ('培寶', 50), ('旺寶', 50), ('寶仕', 50), ('金寶', 50), ('奇寶', 50), ('威寶', 50)]",[],0
485,台灣清香號,,台灣清香號,[],[],0
486,喜特麗,,喜特麗,"[('莉薇特麗', 57)]",[],0
487,金龍,,金龍,"[('大金', 50), ('龍鳳', 50), ('金蘭', 50), ('丸金', 50), ('黑龍', 50), ('樂金', 50), ('金岡', 50), ('金饌', 50), ('龍宏', 50), ('龍泉', 50), ('金鹿', 50), ('龍馬', 50), ('金車', 50), ('佳龍', 50), ('金寶', 50)]",[],0
488,倍爾康,,倍爾康,"[('愛爾康', 67)]",[],0
489,栢歐康,,栢歐康,[],[],0
490,水事紀,,水事紀,[],[],0
491,九華山,,九華山,[],[],0
492,寶酒造,,寶酒造,[],[],0
493,金岡,,金岡,"[('大金', 50), ('岡本', 50), ('金蘭', 50), ('丸金', 50), ('樂金', 50), ('金龍', 50), ('金饌', 50), ('金鹿', 50), ('金車', 50), ('金寶', 50), ('片岡', 50)]",[],0
494,維斯塔,,維斯塔,[],[],0
495,建銓,,建銓,"[('落建', 50)]",[],0
496,11益生菌,,11益生菌,[],[],0
497,正官庄,,正官庄,[],[],0
498,泡樂,,泡樂,"[('刷樂', 50), ('樂邁', 50), ('福樂', 50), ('樂天', 50), ('樂金', 50), ('樂活', 50), ('美樂', 50), ('樂趣', 50)]",[],0
499,松山油脂,,松山油脂,[],[],0
500,吉蒸,,吉蒸,"[('廣吉', 50), ('古吉', 50)]",[],0
501,養樂多,,養樂多,[],[],0
502,大丈夫,,大丈夫,"[('大衛杜夫', 57)]",[],0
503,叡頌,,叡頌,[],[],0
504,京紅,,京紅,"[('紅印', 50), ('紅米', 50), ('紅牛', 50)]",[],0
505,寧記,,寧記,"[('三記', 50), ('添寧', 50), ('美寧', 50), ('田記', 50), ('克寧', 50), ('福記', 50), ('德記', 50), ('李記', 50)]",[],0
506,阿華田,,阿華田,[],[],0
507,耕心田,,耕心田,[],[],0
508,歐力婕,,歐力婕,[],[],0
509,真柑淨,,真柑淨,[],[],0
510,專科,,專科,"[('科帥', 50)]",[],0
511,農純鄉,,農純鄉,[],[],0
512,檸檬堂,,檸檬堂,[],[],0
513,皇冠,,皇冠,"[('桂冠', 50), ('皇貓', 50), ('皇鼎', 50), ('品皇', 50), ('華冠', 50)]",[],0
514,新普利,,新普利,[],[],0
515,歐芮坦,,歐芮坦,[],[],0
516,活沛多,,活沛多,[],[],0
517,一風堂,,一風堂,[],[],0
518,明治,,明治,"[('明宜', 50), ('明星', 50)]",[],0
519,酷椰嶼,,酷椰嶼,[],[],0
520,大隱珈琲,,大隱珈琲,[],[],0
521,鉑潤肌,,鉑潤肌,"[('桃潤肌', 67)]",[],0
522,詹麵,,詹麵,[],[],0
523,山崎,,山崎,"[('元山', 50), ('泰山', 50), ('雪山', 50), ('香山', 50), ('山森', 50), ('山水', 50), ('山元', 50), ('山形', 50), ('豪山', 50), ('富山', 50), ('武山', 50), ('丸山', 50)]",[],0
524,璞草園,,璞草園,[],[],0
525,妍美会,,妍美会,[],[],0
526,深夜食堂,,深夜食堂,"[('食芋堂', 57), ('阿舍食堂', 50), ('御膳食堂', 50)]",[],0
527,臺鹽,,臺鹽,"[('台鹽', 50), ('臺虎', 50)]",[],0
528,中一電工,,中一電工,"[('太星電工', 50)]",[],0
529,愛爾,,愛爾,"[('愛爾曼', 80), ('愛爾康', 80), ('波爾', 50), ('牛爾', 50), ('愛喜', 50), ('愛買', 50), ('愛力', 50), ('海爾', 50), ('真愛', 50), ('臻愛', 50), ('愛康', 50), ('愛棒', 50), ('愛華', 50)]","[('愛爾曼', 80), ('愛爾康', 80)]",1
530,雪比,,雪比,"[('雪坊', 50), ('雪山', 50), ('雷雪', 50), ('白雪', 50), ('比依', 50), ('博比', 50)]",[],0
531,知覺,,知覺,"[('直覺', 50)]",[],0
532,卡薩咖啡,,卡薩咖啡,"[('藏咖啡', 57), ('皇雀咖啡', 50), ('江鳥咖啡', 50), ('澤井咖啡', 50), ('伯朗咖啡', 50), ('咖啡廣場', 50), ('咖啡工廠', 50), ('女皇咖啡', 50), ('興波咖啡', 50), ('熊愛咖啡', 50), ('微美咖啡', 50), ('愛戀咖啡', 50), ('樂家咖啡', 50), ('湛盧咖啡', 50), ('成真咖啡', 50)]",[],0
533,敏亦樂,,敏亦樂,[],[],0
534,富統,,富統,"[('統一', 50), ('富華', 50), ('富士', 50), ('統洋', 50), ('富山', 50), ('聯統', 50)]",[],0
535,東元,,東元,"[('元山', 50), ('東成', 50), ('東泉', 50), ('東芝', 50), ('山元', 50), ('東凌', 50), ('元氣', 50), ('元歲', 50), ('東邦', 50), ('信東', 50), ('狀元', 50), ('東銘', 50), ('上元', 50)]",[],0
536,台畜,,台畜,"[('台鹽', 50), ('台酒', 50), ('台啤', 50), ('台農', 50), ('台鳳', 50), ('台塑', 50), ('台麗', 50), ('台塩', 50)]",[],0
537,樂活,,樂活,"[('索樂生活', 67), ('常春樂活', 67), ('刷樂', 50), ('樂邁', 50), ('福樂', 50), ('樂天', 50), ('優活', 50), ('生活', 50), ('樂金', 50), ('泡樂', 50), ('美樂', 50), ('樂趣', 50), ('活力', 50)]",[],0
538,長髮公主的秘密,,長髮公主的秘密,[],[],0
539,豐新鮮,,豐新鮮,[],[],0
540,伊萊克斯,,伊萊克斯,"[('萊克蒂', 57)]",[],0
541,百齡,,百齡,"[('百威', 50), ('百喬', 50)]",[],0
542,卡樂芙,,卡樂芙,[],[],0
543,雅方,,雅方,"[('安雅', 50), ('雅保', 50)]",[],0
544,優芮珂絲,,優芮珂絲,[],[],0
545,香草集,,香草集,[],[],0
546,不二珍套,,不二珍套,"[('韓味不二', 50)]",[],0
547,御姬賞,,御姬賞,[],[],0
548,大研,,大研,"[('大研生醫', 67), ('大金', 50), ('大正', 50), ('工研', 50), ('屏大', 50), ('大河', 50), ('大醬', 50), ('大王', 50), ('大芳', 50), ('理研', 50), ('大昌', 50)]",[],0
549,金饌,,金饌,"[('大金', 50), ('金蘭', 50), ('丸金', 50), ('樂金', 50), ('金龍', 50), ('金岡', 50), ('金鹿', 50), ('金車', 50), ('金寶', 50), ('海饌', 50)]",[],0
550,培寶,,培寶,"[('寶亨', 50), ('聲寶', 50), ('寶僑', 50), ('寶馬', 50), ('寶路', 50), ('培恩', 50), ('鍋寶', 50), ('古寶', 50), ('諾寶', 50), ('藍寶', 50), ('寶島', 50), ('旺寶', 50), ('寶仕', 50), ('金寶', 50), ('奇寶', 50), ('威寶', 50)]",[],0
551,紅薑黃先生,,紅薑黃先生,[],[],0
552,織眠家族,,織眠家族,"[('菲力家族', 50)]",[],0
553,猋,,猋,[],[],0
554,大醇豆,,大醇豆,[],[],0
555,科帥,,科帥,"[('專科', 50)]",[],0
556,極淨適,,極淨適,"[('極淨', 80)]","[('極淨', 80)]",1
557,南門魚丸,,南門魚丸,[],[],0
558,享味食光,,享味食光,"[('享食尚', 57)]",[],0
559,金蜜蜂,,金蜜蜂,"[('蜜蜂工坊', 57)]",[],0
560,和田順,,和田順,"[('和田寬', 67), ('和田館', 67)]",[],0
561,維他盒子,,維他盒子,"[('維他麥', 57), ('愛維他', 57), ('維他露', 57), ('鷹記維他', 50)]",[],0
562,上田,,上田,"[('濱田', 50), ('安田', 50), ('上豪', 50), ('田記', 50), ('盛田', 50), ('御田', 50), ('上元', 50)]",[],0
563,貝利達,,貝利達,[],[],0
564,海滴,,海滴,"[('滴露', 50), ('海昌', 50), ('滴牌', 50), ('海爾', 50), ('海瑞', 50), ('旺滴', 50), ('海饌', 50), ('別海', 50)]",[],0
565,小安安,,小安安,"[('安安', 80)]","[('安安', 80)]",1
566,義美生醫,,義美生醫,"[('義美', 67), ('健美生', 57), ('大研生醫', 50), ('船井生醫', 50), ('台塑生醫', 50), ('百喬生醫', 50), ('陽明生醫', 50)]",[],0
567,健身大師,,健身大師,"[('麵大師', 57), ('金牌大師', 50)]",[],0
568,美樂,,美樂,"[('美私樂', 80), ('刷樂', 50), ('義美', 50), ('美琪', 50), ('樂邁', 50), ('福樂', 50), ('樂天', 50), ('美則', 50), ('樂金', 50), ('泡樂', 50), ('樂活', 50), ('美寧', 50), ('樂趣', 50), ('麗美', 50), ('源美', 50), ('美琦', 50), ('美的', 50)]","[('美私樂', 80)]",1
569,龍宏,,龍宏,"[('龍鳳', 50), ('黑龍', 50), ('金龍', 50), ('龍泉', 50), ('龍馬', 50), ('佳龍', 50)]",[],0
570,雪肌精,,雪肌精,[],[],0
571,聯碩,,聯碩,"[('禾聯', 50), ('聯統', 50)]",[],0
572,臺虎,,臺虎,"[('虎牌', 50), ('臺鹽', 50), ('虎屋', 50), ('日虎', 50), ('虎牙', 50)]",[],0
573,林鳳營精品優格,,林鳳營精品優格,"[('林鳳營特濃優格', 71), ('林鳳營簡單點優格', 67), ('味全林鳳營', 50)]",[],0
574,健而婷,,健而婷,[],[],0
575,小魚嚴選,,小魚嚴選,"[('馬修嚴選', 50)]",[],0
576,台灣農林,,台灣農林,"[('台農', 67), ('台灣啤酒', 50), ('台灣好漁', 50), ('台農崙背', 50), ('台灣伊日', 50), ('台灣三洋', 50), ('台灣g霸', 50), ('台灣好田', 50), ('台農燕巢', 50)]",[],0
577,燒肉工房,,燒肉工房,[],[],0
578,絲易康,,絲易康,[],[],0
579,名屋,,名屋,"[('名仕', 50), ('虎屋', 50), ('桃屋', 50), ('名悅', 50)]",[],0
580,台灣好漁,,台灣好漁,"[('台灣好田', 75), ('台灣啤酒', 50), ('台灣農林', 50), ('台灣伊日', 50), ('台灣三洋', 50), ('台灣g霸', 50)]",[],0
581,元山牌,,元山牌,"[('元山', 80), ('名山牌', 67)]","[('元山', 80)]",1
582,仁和園,,仁和園,[],[],0
583,芙絲,,芙絲,"[('絲花', 50)]",[],0
584,安親,,安親,"[('泰安', 50), ('貝親', 50), ('安安', 50), ('安田', 50), ('孝親', 50), ('安雅', 50), ('安爽', 50)]",[],0
585,名仕,,名仕,"[('麗仕', 50), ('威仕', 50), ('名屋', 50), ('寶仕', 50), ('派仕', 50), ('名悅', 50)]",[],0
586,農會,,農會,"[('農會牌', 80), ('西螺農會', 67), ('員山農會', 67), ('羅東農會', 67), ('古坑鄉農會', 57), ('台中市農會', 57), ('農心', 50), ('台農', 50), ('南投國姓農會', 50), ('國農', 50), ('綠農', 50), ('興農', 50)]","[('農會牌', 80)]",1
587,森林物語,,森林物語,"[('奈森克林', 50), ('健康物語', 50), ('寵愛物語', 50)]",[],0
588,南投國姓農會,,南投國姓農會,"[('農會', 50), ('國農', 50)]",[],0
589,健力士,,健力士,"[('健康力', 67), ('夫力士', 67)]",[],0
590,優品,,優品,"[('優生', 50), ('優活', 50), ('優柏', 50), ('品皇', 50), ('優護', 50)]",[],0
591,福忠字號,,福忠字號,[],[],0
592,純粹喝,,純粹喝,"[('純萃喝', 67)]",[],0
593,龍泉,,龍泉,"[('龍鳳', 50), ('英泉', 50), ('東泉', 50), ('黑龍', 50), ('金龍', 50), ('龍宏', 50), ('龍馬', 50), ('佳龍', 50)]",[],0
594,高山小濃,,高山小濃,[],[],0
595,統一生機,,統一生機,"[('統一', 67), ('統一陽光', 50), ('統一瑞穗', 50), ('統欣生技', 50), ('稻屋生機', 50), ('本家生機', 50), ('綠藤生機', 50)]",[],0
596,酵速工坊,,酵速工坊,"[('橘子工坊', 50), ('蜜蜂工坊', 50)]",[],0
597,揚子,,揚子,[],[],0
598,超級香,,超級香,[],[],0
599,喀爾巴阡,,喀爾巴阡,[],[],0
600,蕾莉歐,,蕾莉歐,[],[],0
601,大研生醫,,大研生醫,"[('大研', 67), ('義美生醫', 50), ('船井生醫', 50), ('大醫生技', 50), ('台塑生醫', 50), ('百喬生醫', 50), ('陽明生醫', 50)]",[],0
602,雅雪舒,,雅雪舒,"[('麗雅雪尼爾', 50)]",[],0
603,台農崙背,,台農崙背,"[('台農', 67), ('台灣農林', 50), ('台農燕巢', 50)]",[],0
604,唯可,,唯可,[],[],0
605,三洋,,三洋,"[('日本三洋', 67), ('台灣三洋', 67), ('三多', 50), ('三記', 50), ('統洋', 50), ('三鷹', 50), ('三菱', 50)]",[],0
606,麗克特,,麗克特,[],[],0
607,正負零,,正負零,"[('正負零±0', 86)]","[('正負零±0', 86)]",1
608,伊聖詩,,伊聖詩,[],[],0
609,優倍多,,優倍多,[],[],0
610,雲米,,雲米,"[('小米', 50), ('米家', 50), ('紅米', 50), ('雲谷', 50), ('米徠', 50), ('米物', 50), ('川雲', 50)]",[],0
611,蔚特尼思,,蔚特尼思,[],[],0
612,船井生醫,,船井生醫,"[('義美生醫', 50), ('大研生醫', 50), ('台塑生醫', 50), ('百喬生醫', 50), ('三井生技', 50), ('陽明生醫', 50)]",[],0
613,億長御坊,,億長御坊,"[('御衣坊', 57), ('御膳坊', 57)]",[],0
614,麒麟,,麒麟,[],[],0
615,博朗氏,,博朗氏,[],[],0
616,維康,,維康,"[('正康', 50), ('楓康', 50), ('康萃', 50), ('康澤', 50), ('悠康', 50), ('康朵', 50), ('康貝', 50), ('愛康', 50)]",[],0
617,奇檬子,,奇檬子,[],[],0
618,高地之泉,,高地之泉,"[('高慶泉', 57), ('酷之泉', 57), ('高地卡尼', 50), ('喜樂之泉', 50)]",[],0
619,藏鮮,,藏鮮,"[('鮮剖', 50)]",[],0
620,小兒利撒爾,,小兒利撒爾,[],[],0
621,星宇航空,,星宇航空,[],[],0
622,宇治園,,宇治園,[],[],0
623,北海道函館3.7鮮乳,,北海道函館3.7鮮乳,[],[],0
624,舒特膚,,舒特膚,[],[],0
625,易洗樂,,易洗樂,[],[],0
626,果物配,,果物配,[],[],0
627,多納,,多納,"[('三多', 50), ('多芬', 50), ('喜多', 50), ('多哥', 50), ('巧多', 50)]",[],0
628,海吉尼斯,,海吉尼斯,"[('海尼根', 57), ('吉妮斯', 57), ('吉尼寶貝', 50)]",[],0
629,古坑鄉農會,,古坑鄉農會,"[('農會', 57), ('庵古坑', 50), ('農會牌', 50)]",[],0
630,生活工場,,生活工場,"[('生活', 67), ('愛生活', 57), ('索樂生活', 50), ('生活良好', 50)]",[],0
631,天霖純水,,天霖純水,[],[],0
632,安加適,,安加適,[],[],0
633,麻膳堂,,麻膳堂,"[('御膳食堂', 57)]",[],0
634,康萃,,康萃,"[('原萃', 50), ('正康', 50), ('楓康', 50), ('維康', 50), ('康澤', 50), ('悠康', 50), ('康朵', 50), ('康貝', 50), ('愛康', 50)]",[],0
635,葉璐芝,,葉璐芝,[],[],0
636,優效紡,,優效紡,[],[],0
637,義皇寶,,義皇寶,[],[],0
638,福樂鮮攪,,福樂鮮攪,"[('福樂一番鮮', 67), ('福樂', 67)]",[],0
639,柏尹芙,,柏尹芙,[],[],0
640,第一石鹼,,第一石鹼,"[('牛乳石鹼', 50)]",[],0
641,猛將,,猛將,"[('良將', 50)]",[],0
642,惠而浦,,惠而浦,[],[],0
643,大食客,,大食客,[],[],0
644,樂米亞,,樂米亞,[],[],0
645,沛特斯,,沛特斯,[],[],0
646,嵐閣,,嵐閣,[],[],0
647,威客維,,威客維,[],[],0
648,艾詩,,艾詩,"[('詩柔', 50), ('艾肯', 50)]",[],0
649,威金森,,威金森,[],[],0
650,麥維爾,,麥維爾,[],[],0
651,浪漫花語,,浪漫花語,[],[],0
652,衣桔棒,,衣桔棒,[],[],0
653,北日本,,北日本,"[('日本石鹸', 57), ('日本獅王', 57), ('日本花王', 57), ('日本味王', 57), ('日本三洋', 57)]",[],0
654,倍麗兒,,倍麗兒,[],[],0
655,36法郎,,36法郎,[],[],0
656,柳宗理,,柳宗理,[],[],0
657,名山牌,,名山牌,"[('元山牌', 67)]",[],0
658,小分子,,小分子,"[('勁小子', 67)]",[],0
659,歐斯恩,,歐斯恩,[],[],0
660,常春樂活,,常春樂活,"[('樂活', 67), ('索樂生活', 50)]",[],0
661,淨毒五郎,,淨毒五郎,[],[],0
662,茶之初,,茶之初,[],[],0
663,優柏,,優柏,"[('優生', 50), ('優活', 50), ('優品', 50), ('優護', 50)]",[],0
664,璞珞,,璞珞,[],[],0
665,伊德爾,,伊德爾,[],[],0
666,科德司,,科德司,[],[],0
667,貓戀人,,貓戀人,"[('戀戀情人', 57)]",[],0
668,新味,,新味,"[('味全', 50), ('味丹', 50), ('新生', 50), ('味王', 50), ('新格', 50), ('厝味', 50), ('味榮', 50), ('新奇', 50), ('鼎新', 50), ('鋒味', 50), ('和味', 50)]",[],0
669,鐵齒,,鐵齒,[],[],0
670,辣椒先生,,辣椒先生,[],[],0
671,金鹿,,金鹿,"[('大金', 50), ('金蘭', 50), ('丸金', 50), ('樂金', 50), ('金龍', 50), ('金岡', 50), ('金饌', 50), ('初鹿', 50), ('金車', 50), ('金寶', 50)]",[],0
672,全球寵物,,全球寵物,"[('寵物夥伴', 50), ('寵愛物語', 50)]",[],0
673,歐萊德,,歐萊德,[],[],0
674,植妍房,,植妍房,"[('植英房', 67)]",[],0
675,維他露,,維他露,"[('維他麥', 67), ('愛維他', 67), ('鷹記維他', 57), ('維他盒子', 57)]",[],0
676,寶多福,,寶多福,[],[],0
677,正牛,,正牛,"[('大正', 50), ('牛爾', 50), ('正康', 50), ('紅牛', 50), ('正豐', 50)]",[],0
678,良將,,良將,"[('猛將', 50), ('良爽', 50)]",[],0
679,碧而優,,碧而優,[],[],0
680,白雪,,白雪,"[('雪坊', 50), ('白鴿', 50), ('雪山', 50), ('白人', 50), ('雷雪', 50), ('雪比', 50), ('麗白', 50), ('白象', 50)]",[],0
681,稻屋生機,,稻屋生機,"[('統一生機', 50), ('本家生機', 50), ('綠藤生機', 50)]",[],0
682,日象,,日象,"[('象印', 50), ('日清', 50), ('日虹', 50), ('日虎', 50), ('日濢', 50), ('日青', 50), ('朝日', 50), ('白象', 50)]",[],0
683,國農,,國農,"[('農心', 50), ('台農', 50), ('國際', 50), ('農會', 50), ('南投國姓農會', 50), ('綠農', 50), ('國騰', 50), ('興農', 50)]",[],0
684,蓮發,,蓮發,[],[],0
685,御膳坊,,御膳坊,"[('御衣坊', 67), ('御膳食堂', 57), ('億長御坊', 57)]",[],0
686,新豆族,,新豆族,[],[],0
687,厝味,,厝味,"[('味全', 50), ('味丹', 50), ('味王', 50), ('新味', 50), ('味榮', 50), ('鋒味', 50), ('和味', 50)]",[],0
688,謙謙創藝,,謙謙創藝,[],[],0
689,維力媽媽麵,,維力媽媽麵,"[('維力炸醬麵', 60), ('維大力', 50)]",[],0
690,情人娃娃,,情人娃娃,"[('戀戀情人', 50)]",[],0
691,鴻嘉源,,鴻嘉源,[],[],0
692,羊舍,,羊舍,[],[],0
693,百翠氏,,百翠氏,[],[],0
694,蓓芙妮,,蓓芙妮,"[('芙夏妮', 67)]",[],0
695,原辰,,原辰,"[('原萃', 50)]",[],0
696,萊克蒂,,萊克蒂,"[('伊萊克斯', 57)]",[],0
697,稻田齒,,稻田齒,[],[],0
698,台鳳,,台鳳,"[('台鹽', 50), ('台酒', 50), ('台啤', 50), ('龍鳳', 50), ('台農', 50), ('台畜', 50), ('台塑', 50), ('台麗', 50), ('台塩', 50)]",[],0
699,綠農,,綠農,"[('農心', 50), ('台農', 50), ('綠的', 50), ('農會', 50), ('國農', 50), ('興農', 50), ('綠地', 50)]",[],0
700,林鳳營簡單點優格,,林鳳營簡單點優格,"[('林鳳營特濃優格', 67), ('林鳳營精品優格', 67)]",[],0
701,鬼洗,,鬼洗,[],[],0
702,台灣伊日,,台灣伊日,"[('台灣啤酒', 50), ('台灣農林', 50), ('台灣好漁', 50), ('台灣三洋', 50), ('台灣g霸', 50), ('台灣好田', 50)]",[],0
703,健康力,,健康力,"[('健力士', 67), ('蒸健康', 67), ('健康廚房', 57), ('健康曙光', 57), ('健康快遞', 57), ('健康物語', 57), ('每朝健康', 57), ('健康總匯', 57), ('愛伊健康', 57)]",[],0
704,憶霖,,憶霖,[],[],0
705,礦翠,,礦翠,[],[],0
706,靠茶,,靠茶,"[('茶月', 50)]",[],0
707,營養師輕食,,營養師輕食,[],[],0
708,朵舒,,朵舒,"[('舒潔', 50), ('舒跑', 50), ('舒澡', 50), ('髮朵', 50), ('康朵', 50), ('舒珊', 50)]",[],0
709,林內,,林內,"[('林內牌', 80), ('歌林', 50)]","[('林內牌', 80)]",1
710,佐登妮絲,,佐登妮絲,[],[],0
711,味榮,,味榮,"[('味全', 50), ('味丹', 50), ('味王', 50), ('新味', 50), ('厝味', 50), ('鋒味', 50), ('和味', 50)]",[],0
712,旺寶,,旺寶,"[('寶亨', 50), ('聲寶', 50), ('寶僑', 50), ('寶馬', 50), ('寶路', 50), ('鍋寶', 50), ('古寶', 50), ('諾寶', 50), ('藍寶', 50), ('卡旺', 50), ('寶島', 50), ('培寶', 50), ('寶仕', 50), ('金寶', 50), ('旺滴', 50), ('奇寶', 50), ('威寶', 50)]",[],0
713,艾美特,,艾美特,"[('艾維特', 67), ('艾特優', 67)]",[],0
714,雙飛燕,,雙飛燕,"[('雙燕牌', 67)]",[],0
715,戀戀情人,,戀戀情人,"[('戀戀', 67), ('貓戀人', 57), ('情人娃娃', 50)]",[],0
716,阿娟,,阿娟,[],[],0
717,虎屋,,虎屋,"[('虎牌', 50), ('臺虎', 50), ('名屋', 50), ('日虎', 50), ('桃屋', 50), ('虎牙', 50)]",[],0
718,金安心,,金安心,[],[],0
719,醇養妍,,醇養妍,[],[],0
720,江鳥咖啡,,江鳥咖啡,"[('藏咖啡', 57), ('皇雀咖啡', 50), ('卡薩咖啡', 50), ('澤井咖啡', 50), ('伯朗咖啡', 50), ('咖啡廣場', 50), ('咖啡工廠', 50), ('女皇咖啡', 50), ('興波咖啡', 50), ('熊愛咖啡', 50), ('微美咖啡', 50), ('愛戀咖啡', 50), ('樂家咖啡', 50), ('湛盧咖啡', 50), ('成真咖啡', 50)]",[],0
721,滴牌,,滴牌,"[('虎牌', 50), ('滴露', 50), ('王牌', 50), ('海滴', 50), ('旺滴', 50)]",[],0
722,歐舒丹,,歐舒丹,[],[],0
723,屏科大,,屏科大,"[('屏大', 80)]","[('屏大', 80)]",1
724,新花漾,,新花漾,[],[],0
725,桔植坊,,桔植坊,[],[],0
726,鴻參,,鴻參,"[('參天', 50)]",[],0
727,風格,,風格,"[('春風', 50), ('風騰', 50), ('新格', 50), ('勳風', 50)]",[],0
728,福樂低脂優酪,,福樂低脂優酪,"[('福樂頂級優酪', 67), ('福樂', 50)]",[],0
729,麗白,,麗白,"[('白鴿', 50), ('麗仕', 50), ('白人', 50), ('白雪', 50), ('麗美', 50), ('麗莎', 50), ('麗奇', 50), ('台麗', 50), ('白象', 50), ('伊麗莎白雅頓', 50)]",[],0
730,台酒生技,,台酒生技,"[('台鹽生技', 75), ('台海生技', 75), ('台酒', 67), ('台灣啤酒', 50), ('統欣生技', 50), ('信東生技', 50), ('宏醫生技', 50), ('大醫生技', 50), ('台塑生醫', 50), ('遠東生技', 50), ('長庚生技', 50), ('三井生技', 50), ('鑫耀生技', 50), ('創益生技', 50)]",[],0
731,顧可飛,,顧可飛,[],[],0
732,宏醫生技,,宏醫生技,"[('大醫生技', 75), ('台鹽生技', 50), ('統欣生技', 50), ('信東生技', 50), ('台酒生技', 50), ('遠東生技', 50), ('台海生技', 50), ('長庚生技', 50), ('三井生技', 50), ('鑫耀生技', 50), ('創益生技', 50)]",[],0
733,睫老闆,,睫老闆,[],[],0
734,茶尋味,,茶尋味,[],[],0
735,箭牌馬,,箭牌馬,[],[],0
736,凱飛,,凱飛,"[('凱娜', 50)]",[],0
737,艾黎亞,,艾黎亞,[],[],0
738,廣吉,,廣吉,"[('吉蒸', 50), ('古吉', 50)]",[],0
739,李施德霖,,李施德霖,[],[],0
740,澤井咖啡,,澤井咖啡,"[('澤井', 67), ('藏咖啡', 57), ('皇雀咖啡', 50), ('卡薩咖啡', 50), ('江鳥咖啡', 50), ('伯朗咖啡', 50), ('咖啡廣場', 50), ('咖啡工廠', 50), ('女皇咖啡', 50), ('興波咖啡', 50), ('熊愛咖啡', 50), ('微美咖啡', 50), ('愛戀咖啡', 50), ('樂家咖啡', 50), ('湛盧咖啡', 50), ('成真咖啡', 50)]",[],0
741,康澤,,康澤,"[('正康', 50), ('楓康', 50), ('維康', 50), ('康萃', 50), ('悠康', 50), ('澤井', 50), ('康朵', 50), ('康貝', 50), ('愛康', 50), ('小澤', 50)]",[],0
742,珊諾,,珊諾,"[('諾得', 50), ('諾寶', 50), ('諾資', 50), ('舒珊', 50)]",[],0
743,一來順,,一來順,[],[],0
744,啡茶時刻,,啡茶時刻,[],[],0
745,諾資,,諾資,"[('諾得', 50), ('諾寶', 50), ('珊諾', 50)]",[],0
746,全效,,全效,"[('味全', 50)]",[],0
747,寶仕,,寶仕,"[('寶亨', 50), ('聲寶', 50), ('寶僑', 50), ('寶馬', 50), ('寶路', 50), ('麗仕', 50), ('鍋寶', 50), ('古寶', 50), ('諾寶', 50), ('藍寶', 50), ('威仕', 50), ('寶島', 50), ('培寶', 50), ('名仕', 50), ('旺寶', 50), ('金寶', 50), ('派仕', 50), ('奇寶', 50), ('威寶', 50)]",[],0
748,千山淨水,,千山淨水,"[('山水', 67)]",[],0
749,美寧,,美寧,"[('義美', 50), ('美琪', 50), ('美則', 50), ('添寧', 50), ('寧記', 50), ('美樂', 50), ('克寧', 50), ('麗美', 50), ('源美', 50), ('美琦', 50), ('美的', 50)]",[],0
750,森歐黎漾,,森歐黎漾,[],[],0
751,雙豪,,雙豪,"[('上豪', 50), ('豪山', 50)]",[],0
752,特力屋,,特力屋,"[('因特力淨', 57)]",[],0
753,雅保,,雅保,"[('安雅', 50), ('雅方', 50)]",[],0
754,國騰,,國騰,"[('風騰', 50), ('惠騰', 50), ('國際', 50), ('國農', 50)]",[],0
755,小文輕,,小文輕,[],[],0
756,髮旺旺,,髮旺旺,"[('旺旺集團', 57)]",[],0
757,龍馬,,龍馬,"[('龍鳳', 50), ('寶馬', 50), ('黑龍', 50), ('金龍', 50), ('龍宏', 50), ('龍泉', 50), ('佳龍', 50), ('巴馬', 50), ('汗馬', 50)]",[],0
758,歐客佬,,歐客佬,[],[],0
759,麗汝齒,,麗汝齒,[],[],0
760,藏咖啡,,藏咖啡,"[('皇雀咖啡', 57), ('卡薩咖啡', 57), ('江鳥咖啡', 57), ('澤井咖啡', 57), ('伯朗咖啡', 57), ('咖啡廣場', 57), ('咖啡工廠', 57), ('女皇咖啡', 57), ('興波咖啡', 57), ('熊愛咖啡', 57), ('微美咖啡', 57), ('愛戀咖啡', 57), ('樂家咖啡', 57), ('湛盧咖啡', 57), ('成真咖啡', 57), ('齋藤咖啡店', 50), ('咖啡綠商號', 50)]",[],0
761,永信牌,,永信牌,"[('永信', 80), ('永新牌', 67), ('永用牌', 67), ('永信藥品', 57)]","[('永信', 80)]",1
762,雅聞倍優,,雅聞倍優,[],[],0
763,貝貝實驗室,,貝貝實驗室,[],[],0
764,生活良好,,生活良好,"[('生活', 67), ('愛生活', 57), ('索樂生活', 50), ('生活工場', 50)]",[],0
765,自然主義,,自然主義,"[('自然零', 57), ('自然派', 57), ('饅自然', 57), ('自然之綠', 50)]",[],0
766,德國百妮,,德國百妮,[],[],0
767,超視王,,超視王,[],[],0
768,寵物夥伴,,寵物夥伴,"[('全球寵物', 50), ('寵愛物語', 50)]",[],0
769,山元,,山元,"[('元山', 50), ('泰山', 50), ('雪山', 50), ('香山', 50), ('山森', 50), ('山水', 50), ('山崎', 50), ('東元', 50), ('山形', 50), ('元氣', 50), ('元歲', 50), ('豪山', 50), ('富山', 50), ('狀元', 50), ('武山', 50), ('丸山', 50), ('上元', 50)]",[],0
770,彎彎寶貝,,彎彎寶貝,"[('熊寶貝', 57), ('哄寶貝', 57), ('寶貝妮', 57), ('好寶貝', 57), ('吉尼寶貝', 50), ('寶貝餌子', 50)]",[],0
771,悠康,,悠康,"[('正康', 50), ('楓康', 50), ('維康', 50), ('康萃', 50), ('康澤', 50), ('康朵', 50), ('康貝', 50), ('愛康', 50)]",[],0
772,初鹿,,初鹿,"[('初鹿牧場', 67), ('初鹿鮮乳', 67), ('台東初鹿', 67), ('金鹿', 50)]",[],0
773,蜜妮,,蜜妮,[],[],0
774,醫敏家,,醫敏家,[],[],0
775,佐藤,,佐藤,[],[],0
776,海爾,,海爾,"[('波爾', 50), ('牛爾', 50), ('海昌', 50), ('愛爾', 50), ('海滴', 50), ('海瑞', 50), ('海饌', 50), ('別海', 50)]",[],0
777,齒磨撫子,,齒磨撫子,"[('毛穴撫子', 50)]",[],0
778,緹朗,,緹朗,"[('伯朗', 50), ('采緹', 50)]",[],0
779,大醫生技,,大醫生技,"[('宏醫生技', 75), ('台鹽生技', 50), ('統欣生技', 50), ('信東生技', 50), ('大研生醫', 50), ('台酒生技', 50), ('遠東生技', 50), ('台海生技', 50), ('長庚生技', 50), ('三井生技', 50), ('鑫耀生技', 50), ('創益生技', 50)]",[],0
780,康是美自有品牌,,康是美自有品牌,"[('康是美', 60)]",[],0
781,樂嫚妮,,樂嫚妮,[],[],0
782,明洞國際,,明洞國際,"[('國際', 67), ('國際牌', 57), ('頂尖國際', 50)]",[],0
783,凱特鮮廚,,凱特鮮廚,[],[],0
784,齋藤咖啡店,,齋藤咖啡店,"[('藏咖啡', 50)]",[],0
785,田記,,田記,"[('濱田', 50), ('安田', 50), ('三記', 50), ('寧記', 50), ('上田', 50), ('盛田', 50), ('福記', 50), ('德記', 50), ('李記', 50), ('御田', 50)]",[],0
786,采緹,,采緹,"[('采媚', 50), ('緹朗', 50)]",[],0
787,一滴淨,,一滴淨,[],[],0
788,豬跳舞,,豬跳舞,[],[],0
789,晶亮醇,,晶亮醇,[],[],0
790,勳風,,勳風,"[('春風', 50), ('風騰', 50), ('風格', 50)]",[],0
791,維士比,,維士比,"[('戴維爵士', 57)]",[],0
792,逸湘齋,,逸湘齋,[],[],0
793,燒鳥一番,,燒鳥一番,"[('鮮一番', 57), ('潔牙一番', 50), ('大炒一番', 50)]",[],0
794,必賜力,,必賜力,[],[],0
795,維珍妮,,維珍妮,[],[],0
796,炫艷,,炫艷,[],[],0
797,卡氛,,卡氛,"[('卡旺', 50)]",[],0
798,田原香,,田原香,"[('原木香', 67)]",[],0
799,孕哺兒,,孕哺兒,[],[],0
800,健美生,,健美生,"[('義美生醫', 57)]",[],0
801,婕樂纖,,婕樂纖,[],[],0
802,荷蘭公主,,荷蘭公主,[],[],0
803,麗雅雪尼爾,,麗雅雪尼爾,"[('雅雪舒', 50)]",[],0
804,福汎,,福汎,"[('家福', 50), ('福樂', 50), ('福松', 50), ('福記', 50)]",[],0
805,天天,,天天,"[('樂天', 50), ('天文', 50), ('參天', 50)]",[],0
806,紐約肯尼,,紐約肯尼,"[('肯尼士', 57)]",[],0
807,溫士頓,,溫士頓,[],[],0
808,德律風根,,德律風根,[],[],0
809,新奇,,新奇,"[('新生', 50), ('新格', 50), ('新味', 50), ('奇哥', 50), ('奇異', 50), ('鼎新', 50), ('麗奇', 50), ('奇寶', 50)]",[],0
810,伯朗咖啡,,伯朗咖啡,"[('伯朗', 67), ('藏咖啡', 57), ('皇雀咖啡', 50), ('卡薩咖啡', 50), ('江鳥咖啡', 50), ('澤井咖啡', 50), ('咖啡廣場', 50), ('咖啡工廠', 50), ('女皇咖啡', 50), ('興波咖啡', 50), ('熊愛咖啡', 50), ('微美咖啡', 50), ('愛戀咖啡', 50), ('樂家咖啡', 50), ('湛盧咖啡', 50), ('成真咖啡', 50)]",[],0
811,愛情貴族,,愛情貴族,[],[],0
812,戴維爵士,,戴維爵士,"[('維士比', 57), ('爵士貓吧', 50)]",[],0
813,福華牌,,福華牌,"[('宏福牌', 67), ('華麗牌', 67)]",[],0
814,西螺大同,,西螺大同,"[('西螺農會', 50)]",[],0
815,台塑生醫,,台塑生醫,"[('台塑生醫 醫之方', 67), ('台塑', 67), ('台鹽生技', 50), ('義美生醫', 50), ('大研生醫', 50), ('船井生醫', 50), ('台酒生技', 50), ('台海生技', 50), ('百喬生醫', 50), ('陽明生醫', 50)]",[],0
816,一品夫人,,一品夫人,"[('一家人', 57), ('味味一品', 50)]",[],0
817,晶鈺,,晶鈺,"[('晶工', 50)]",[],0
818,爵士貓吧,,爵士貓吧,"[('戴維爵士', 50)]",[],0
819,喜滿屋,,喜滿屋,[],[],0
820,美麗紀事,,美麗紀事,[],[],0
821,中深焙,,中深焙,[],[],0
822,菇王,,菇王,"[('菇王食品', 67), ('獅王', 50), ('花王', 50), ('味王', 50), ('王牌', 50), ('南王', 50), ('王朝', 50), ('大王', 50)]",[],0
823,廚膳師,,廚膳師,"[('小廚師', 67)]",[],0
824,山多力,,山多力,[],[],0
825,沐潤,,沐潤,"[('森潤', 50), ('珂潤', 50)]",[],0
826,樂亦康,,樂亦康,[],[],0
827,樂趣,,樂趣,"[('刷樂', 50), ('樂邁', 50), ('福樂', 50), ('樂天', 50), ('樂金', 50), ('泡樂', 50), ('樂活', 50), ('美樂', 50)]",[],0
828,川西,,川西,"[('西北', 50), ('川雲', 50), ('西華', 50), ('川中', 50)]",[],0
829,西妍院,,西妍院,[],[],0
830,卡汶克萊,,卡汶克萊,[],[],0
831,咖啡綠商號,,咖啡綠商號,"[('藏咖啡', 50)]",[],0
832,自然派,,自然派,"[('自然零', 67), ('饅自然', 67), ('自然之綠', 57), ('自然主義', 57), ('福樂自然零', 50), ('東森自然美', 50)]",[],0
833,大河,,大河,"[('大金', 50), ('大正', 50), ('屏大', 50), ('大研', 50), ('大醬', 50), ('大王', 50), ('大芳', 50), ('大昌', 50)]",[],0
834,美聯社,,美聯社,[],[],0
835,紅豆食府,,紅豆食府,[],[],0
836,大醬,,大醬,"[('大金', 50), ('大正', 50), ('屏大', 50), ('大研', 50), ('大河', 50), ('大王', 50), ('大芳', 50), ('大昌', 50)]",[],0
837,金車補給園,,金車補給園,"[('金車', 57)]",[],0
838,芙蘿娜,,芙蘿娜,[],[],0
839,舒澡,,舒澡,"[('舒潔', 50), ('澡享', 50), ('舒跑', 50), ('朵舒', 50), ('舒珊', 50)]",[],0
840,戀戀,,戀戀,"[('戀戀情人', 67), ('爵戀', 50), ('眷戀', 50)]",[],0
841,牧實,,牧實,"[('牧真', 50)]",[],0
842,韓波俐,,韓波俐,[],[],0
843,潔倍,,潔倍,"[('舒潔', 50), ('潔芬', 50), ('普潔', 50), ('亮潔', 50)]",[],0
844,靖,,靖,[],[],0
845,維大力,,維大力,"[('維力原祖', 57), ('維力炸醬麵', 50), ('維力媽媽麵', 50)]",[],0
846,桃潤肌,,桃潤肌,"[('鉑潤肌', 67)]",[],0
847,澤井,,澤井,"[('澤井咖啡', 67), ('康澤', 50), ('椒井', 50), ('松井', 50), ('小澤', 50)]",[],0
848,鮮烘咖啡工作室,,鮮烘咖啡工作室,"[('臥龍咖啡工作室', 71), ('咖啡工廠', 55)]",[],0
849,參天,,參天,"[('樂天', 50), ('天文', 50), ('鴻參', 50), ('天天', 50)]",[],0
850,賈羅公式,,賈羅公式,[],[],0
851,素天堂,,素天堂,[],[],0
852,山形,,山形,"[('元山', 50), ('泰山', 50), ('雪山', 50), ('香山', 50), ('山森', 50), ('山水', 50), ('山崎', 50), ('山元', 50), ('豪山', 50), ('富山', 50), ('武山', 50), ('丸山', 50)]",[],0
853,安爽,,安爽,"[('真爽', 50), ('泰安', 50), ('安安', 50), ('安田', 50), ('安雅', 50), ('安親', 50), ('良爽', 50)]",[],0
854,咖啡廣場,,咖啡廣場,"[('藏咖啡', 57), ('咖樂迪咖啡農場', 55), ('皇雀咖啡', 50), ('卡薩咖啡', 50), ('江鳥咖啡', 50), ('澤井咖啡', 50), ('伯朗咖啡', 50), ('咖啡工廠', 50), ('女皇咖啡', 50), ('興波咖啡', 50), ('熊愛咖啡', 50), ('微美咖啡', 50), ('愛戀咖啡', 50), ('樂家咖啡', 50), ('湛盧咖啡', 50), ('成真咖啡', 50)]",[],0
855,南王,,南王,"[('南僑', 50), ('獅王', 50), ('花王', 50), ('味王', 50), ('王牌', 50), ('菇王', 50), ('王朝', 50), ('大王', 50)]",[],0
856,杏輝醫藥,,杏輝醫藥,[],[],0
857,柑橘王子,,柑橘王子,"[('橘子工坊', 50)]",[],0
858,詩柔,,詩柔,"[('芊柔', 50), ('艾詩', 50)]",[],0
859,紅布朗,,紅布朗,"[('布朗博士', 57)]",[],0
860,利護樂,,利護樂,[],[],0
861,利捷維,,利捷維,[],[],0
862,潔芬,,潔芬,"[('舒潔', 50), ('多芬', 50), ('潔倍', 50), ('普潔', 50), ('亮潔', 50)]",[],0
863,珂潤,,珂潤,"[('森潤', 50), ('沐潤', 50)]",[],0
864,怪獸部落,,怪獸部落,[],[],0
865,農會牌,,農會牌,"[('農會', 80), ('西螺農會', 57), ('員山農會', 57), ('羅東農會', 57), ('古坑鄉農會', 50), ('台中市農會', 50)]","[('農會', 80)]",1
866,小廚師,,小廚師,"[('廚膳師', 67)]",[],0
867,勁小子,,勁小子,"[('小分子', 67)]",[],0
868,茱莉蔻,,茱莉蔻,[],[],0
869,夏士蓮,,夏士蓮,[],[],0
870,優活力,,優活力,"[('優活', 80), ('活力', 80), ('活力滋', 67), ('優力巾', 67), ('活力廚坊', 57), ('活力廚房', 57), ('亞尼活力', 57)]","[('優活', 80), ('活力', 80)]",1
871,13章,,13章,[],[],0
872,日虎,,日虎,"[('日清', 50), ('虎牌', 50), ('日虹', 50), ('臺虎', 50), ('日象', 50), ('虎屋', 50), ('日濢', 50), ('日青', 50), ('朝日', 50), ('虎牙', 50)]",[],0
873,盛田,,盛田,"[('豆腐盛田屋', 57), ('濱田', 50), ('安田', 50), ('上田', 50), ('田記', 50), ('御田', 50)]",[],0
874,菊正宗,,菊正宗,[],[],0
875,世界紀行,,世界紀行,"[('21世紀', 50)]",[],0
876,普登,,普登,"[('脫普', 50), ('夏普', 50), ('普潔', 50)]",[],0
877,源珍,,源珍,"[('頤珍', 50), ('源美', 50)]",[],0
878,50惠,,50惠,[],[],0
879,咖啡工廠,,咖啡工廠,"[('藏咖啡', 57), ('鮮烘咖啡工作室', 55), ('臥龍咖啡工作室', 55), ('皇雀咖啡', 50), ('卡薩咖啡', 50), ('江鳥咖啡', 50), ('澤井咖啡', 50), ('伯朗咖啡', 50), ('咖啡廣場', 50), ('女皇咖啡', 50), ('興波咖啡', 50), ('熊愛咖啡', 50), ('微美咖啡', 50), ('愛戀咖啡', 50), ('樂家咖啡', 50), ('湛盧咖啡', 50), ('成真咖啡', 50)]",[],0
880,超海派,,超海派,[],[],0
881,古吉,,古吉,"[('古寶', 50), ('古道', 50), ('吉蒸', 50), ('廣吉', 50)]",[],0
882,喵皇奴,,喵皇奴,[],[],0
883,勤億,,勤億,[],[],0
884,北大武,,北大武,[],[],0
885,羅東農會,,羅東農會,"[('農會', 67), ('農會牌', 57), ('西螺農會', 50), ('員山農會', 50)]",[],0
886,奇哥,,奇哥,"[('多哥', 50), ('新奇', 50), ('奇異', 50), ('麗奇', 50), ('奇寶', 50)]",[],0
887,健康曙光,,健康曙光,"[('健康力', 57), ('蒸健康', 57), ('健康廚房', 50), ('健康快遞', 50), ('健康物語', 50), ('每朝健康', 50), ('健康總匯', 50), ('愛伊健康', 50)]",[],0
888,明宜,,明宜,"[('明治', 50), ('明星', 50)]",[],0
889,金車,,金車,"[('金車柏克金', 57), ('金車補給園', 57), ('大金', 50), ('金蘭', 50), ('丸金', 50), ('樂金', 50), ('金龍', 50), ('金岡', 50), ('金饌', 50), ('金鹿', 50), ('金寶', 50)]",[],0
890,王朝,,王朝,"[('獅王', 50), ('花王', 50), ('味王', 50), ('王牌', 50), ('菇王', 50), ('南王', 50), ('大王', 50), ('每朝', 50), ('朝日', 50)]",[],0
891,台中市農會,,台中市農會,"[('台農', 57), ('農會', 57), ('農會牌', 50)]",[],0
892,奇異,,奇異,"[('新奇', 50), ('奇哥', 50), ('麗奇', 50), ('奇寶', 50)]",[],0
893,富華,,富華,"[('華佗', 50), ('華陀', 50), ('富統', 50), ('富士', 50), ('華冠', 50), ('西華', 50), ('富山', 50), ('愛華', 50), ('華菱', 50)]",[],0
894,頤珍,,頤珍,"[('源珍', 50)]",[],0
895,好一頓,,好一頓,[],[],0
896,真愛,,真愛,"[('真爽', 50), ('愛喜', 50), ('愛買', 50), ('愛力', 50), ('愛爾', 50), ('臻愛', 50), ('愛康', 50), ('真鍋', 50), ('愛棒', 50), ('愛華', 50), ('牧真', 50)]",[],0
897,大王,,大王,"[('大金', 50), ('獅王', 50), ('大正', 50), ('花王', 50), ('味王', 50), ('屏大', 50), ('王牌', 50), ('大研', 50), ('菇王', 50), ('大河', 50), ('大醬', 50), ('南王', 50), ('王朝', 50), ('大芳', 50), ('大昌', 50)]",[],0
898,大芳,,大芳,"[('大金', 50), ('大正', 50), ('屏大', 50), ('大研', 50), ('大河', 50), ('大醬', 50), ('大王', 50), ('大昌', 50)]",[],0
899,普潔,,普潔,"[('舒潔', 50), ('脫普', 50), ('夏普', 50), ('潔倍', 50), ('潔芬', 50), ('普登', 50), ('亮潔', 50)]",[],0
900,曼仕德,,曼仕德,[],[],0
901,三菱電機,,三菱電機,"[('三菱', 67)]",[],0
902,林內牌,,林內牌,"[('林內', 80)]","[('林內', 80)]",1
903,天目雷,,天目雷,[],[],0
904,美味小舖,,美味小舖,"[('美味關係', 50)]",[],0
905,21世紀,,21世紀,"[('世界紀行', 50)]",[],0
906,日喬恩,,日喬恩,"[('日落恩賜', 57)]",[],0
907,大本山,,大本山,[],[],0
908,火忍者,,火忍者,[],[],0
909,高橋,,高橋,[],[],0
910,生力啤,,生力啤,[],[],0
911,卡娜赫拉的小動物,,卡娜赫拉的小動物,[],[],0
912,島乃香,,島乃香,[],[],0
913,佳龍,,佳龍,"[('龍鳳', 50), ('黑龍', 50), ('金龍', 50), ('龍宏', 50), ('龍泉', 50), ('龍馬', 50), ('佳貝', 50)]",[],0
914,京都小川,,京都小川,[],[],0
915,必勝,,必勝,[],[],0
916,綾鷹,,綾鷹,"[('三鷹', 50)]",[],0
917,姍莎菈,,姍莎菈,[],[],0
918,寶益兒,,寶益兒,[],[],0
919,味滋康,,味滋康,[],[],0
920,活力廚坊,,活力廚坊,"[('活力廚房', 75), ('活力', 67), ('活力滋', 57), ('優活力', 57), ('亞尼活力', 50)]",[],0
921,永豐餘,,永豐餘,[],[],0
922,旺旺集團,,旺旺集團,"[('髮旺旺', 57), ('歷峰集團', 50)]",[],0
923,璞莉可,,璞莉可,[],[],0
924,立可樂,,立可樂,[],[],0
925,黃正宜,,黃正宜,[],[],0
926,赫里萊比,,赫里萊比,[],[],0
927,眷戀,,眷戀,"[('爵戀', 50), ('戀戀', 50)]",[],0
928,海瑞,,海瑞,"[('瑞春', 50), ('海昌', 50), ('海滴', 50), ('海爾', 50), ('海饌', 50), ('別海', 50)]",[],0
929,特樂舒,,特樂舒,[],[],0
930,女皇咖啡,,女皇咖啡,"[('皇雀咖啡', 75), ('藏咖啡', 57), ('卡薩咖啡', 50), ('江鳥咖啡', 50), ('澤井咖啡', 50), ('伯朗咖啡', 50), ('咖啡廣場', 50), ('咖啡工廠', 50), ('興波咖啡', 50), ('熊愛咖啡', 50), ('微美咖啡', 50), ('愛戀咖啡', 50), ('樂家咖啡', 50), ('湛盧咖啡', 50), ('成真咖啡', 50)]",[],0
931,國太樓,,國太樓,[],[],0
932,惠健,,惠健,"[('惠騰', 50)]",[],0
933,汪事如意,,汪事如意,[],[],0
934,麗美盛,,麗美盛,"[('麗美', 80), ('荷麗美加', 57)]","[('麗美', 80)]",1
935,濱川佐櫻,,濱川佐櫻,[],[],0
936,咖樂迪咖啡農場,,咖樂迪咖啡農場,"[('咖樂迪', 60), ('咖啡廣場', 55), ('樂家咖啡', 55)]",[],0
937,柏森牌,,柏森牌,[],[],0
938,歷峰集團,,歷峰集團,"[('旺旺集團', 50)]",[],0
939,特惠牌,,特惠牌,[],[],0
940,卡碧絲,,卡碧絲,[],[],0
941,椒井,,椒井,"[('澤井', 50), ('松井', 50)]",[],0
942,賀眾牌,,賀眾牌,[],[],0
943,伊藤園,,伊藤園,[],[],0
944,閃彩,,閃彩,[],[],0
945,其實豆製所,,其實豆製所,[],[],0
946,欣目益福,,欣目益福,[],[],0
947,臥龍咖啡工作室,,臥龍咖啡工作室,"[('鮮烘咖啡工作室', 71), ('咖啡工廠', 55)]",[],0
948,日濢,,日濢,"[('日清', 50), ('日虹', 50), ('日象', 50), ('日虎', 50), ('日青', 50), ('朝日', 50)]",[],0
949,歐仕派,,歐仕派,[],[],0
950,毛孩王,,毛孩王,[],[],0
951,小潔革命,,小潔革命,"[('益菌革命', 50)]",[],0
952,髮朵,,髮朵,"[('朵舒', 50), ('康朵', 50)]",[],0
953,鬼女神,,鬼女神,[],[],0
954,潔牙一番,,潔牙一番,"[('鮮一番', 57), ('燒鳥一番', 50), ('大炒一番', 50)]",[],0
955,丸秀,,丸秀,"[('丸金', 50), ('丸莊', 50), ('丸進', 50), ('丸山', 50), ('丸友', 50)]",[],0
956,太星電工,,太星電工,"[('中一電工', 50)]",[],0
957,瓦城,,瓦城,[],[],0
958,輝葉,,輝葉,"[('四葉', 50), ('楓葉', 50), ('銀輝', 50)]",[],0
959,瑰柏翠,,瑰柏翠,[],[],0
960,利百代,,利百代,[],[],0
961,比菲多乳之初,,比菲多乳之初,"[('比菲多', 67), ('比菲多質立', 55), ('比菲多優意思', 50)]",[],0
962,酷之泉,,酷之泉,"[('喜樂之泉', 57), ('高地之泉', 57)]",[],0
963,東凌,,東凌,"[('東成', 50), ('東泉', 50), ('東芝', 50), ('東元', 50), ('東邦', 50), ('信東', 50), ('東銘', 50)]",[],0
964,愛喵零食,,愛喵零食,[],[],0
965,克寧,,克寧,"[('克補', 50), ('添寧', 50), ('寧記', 50), ('美寧', 50), ('蒂克', 50), ('貝克', 50)]",[],0
966,吉尼寶貝,,吉尼寶貝,"[('熊寶貝', 57), ('哄寶貝', 57), ('寶貝妮', 57), ('好寶貝', 57), ('海吉尼斯', 50), ('彎彎寶貝', 50), ('寶貝餌子', 50)]",[],0
967,台塑,,台塑,"[('台塑生醫', 67), ('台鹽', 50), ('台酒', 50), ('台啤', 50), ('台農', 50), ('台畜', 50), ('台鳳', 50), ('台麗', 50), ('台塩', 50)]",[],0
968,朝日田野,,朝日田野,"[('朝日', 67)]",[],0
969,良爽,,良爽,"[('真爽', 50), ('良將', 50), ('安爽', 50)]",[],0
970,清淨園,,清淨園,"[('清淨海', 67)]",[],0
971,菲力家族,,菲力家族,"[('織眠家族', 50)]",[],0
972,皇鼎,,皇鼎,"[('皇貓', 50), ('皇冠', 50), ('品皇', 50), ('鼎新', 50)]",[],0
973,桃屋,,桃屋,"[('名屋', 50), ('虎屋', 50)]",[],0
974,生育家,,生育家,[],[],0
975,亮潔,,亮潔,"[('舒潔', 50), ('潔倍', 50), ('潔芬', 50), ('普潔', 50), ('睛亮', 50)]",[],0
976,羅密歐,,羅密歐,[],[],0
977,每朝,,每朝,"[('每朝健康', 67), ('王朝', 50), ('朝日', 50)]",[],0
978,愛引力,,愛引力,"[('愛力', 80), ('愛力根', 67), ('愛美力', 67)]","[('愛力', 80)]",1
979,康朵,,康朵,"[('正康', 50), ('楓康', 50), ('維康', 50), ('康萃', 50), ('朵舒', 50), ('康澤', 50), ('悠康', 50), ('髮朵', 50), ('康貝', 50), ('愛康', 50)]",[],0
980,雙星牌,,雙星牌,"[('雙燕牌', 67)]",[],0
981,古德狗,,古德狗,[],[],0
982,富士,,富士,"[('富士通', 80), ('邁士', 50), ('富統', 50), ('富華', 50), ('富山', 50)]","[('富士通', 80)]",1
983,格林全,,格林全,[],[],0
984,品皇,,品皇,"[('皇貓', 50), ('皇冠', 50), ('優品', 50), ('皇鼎', 50)]",[],0
985,統洋,,統洋,"[('統一', 50), ('富統', 50), ('三洋', 50), ('聯統', 50)]",[],0
986,詩沛格蘭,,詩沛格蘭,"[('詩丹雅蘭', 50)]",[],0
987,得意人生,,得意人生,"[('得意', 67), ('人生製藥', 50), ('甘味人生', 50)]",[],0
988,古酵寶,,古酵寶,"[('古寶', 80), ('古寶無患子', 50)]","[('古寶', 80)]",1
989,449乾麵舖,,449乾麵舖,[],[],0
990,新東陽,,新東陽,[],[],0
991,菲那絲,,菲那絲,[],[],0
992,大西洋,,大西洋,[],[],0
993,植淨美,,植淨美,[],[],0
994,福松,,福松,"[('黑松', 50), ('家福', 50), ('福樂', 50), ('福汎', 50), ('松井', 50), ('福記', 50), ('松木', 50)]",[],0
995,甘味人生,,甘味人生,"[('人生製藥', 50), ('得意人生', 50)]",[],0
996,斯斯,,斯斯,"[('摩斯', 50), ('耐斯', 50)]",[],0
997,鮮一番,,鮮一番,"[('鮮一杯', 67), ('燒鳥一番', 57), ('潔牙一番', 57), ('大炒一番', 57), ('福樂一番鮮', 50)]",[],0
998,蒸健康,,蒸健康,"[('健康力', 67), ('健康廚房', 57), ('健康曙光', 57), ('健康快遞', 57), ('健康物語', 57), ('每朝健康', 57), ('健康總匯', 57), ('愛伊健康', 57)]",[],0
999,饅自然,,饅自然,"[('自然零', 67), ('自然派', 67), ('自然之綠', 57), ('自然主義', 57), ('福樂自然零', 50), ('東森自然美', 50)]",[],0
1000,興波咖啡,,興波咖啡,"[('藏咖啡', 57), ('皇雀咖啡', 50), ('卡薩咖啡', 50), ('江鳥咖啡', 50), ('澤井咖啡', 50), ('伯朗咖啡', 50), ('咖啡廣場', 50), ('咖啡工廠', 50), ('女皇咖啡', 50), ('熊愛咖啡', 50), ('微美咖啡', 50), ('愛戀咖啡', 50), ('樂家咖啡', 50), ('湛盧咖啡', 50), ('成真咖啡', 50)]",[],0
1001,和成,,和成,"[('和平', 50), ('東成', 50), ('和味', 50)]",[],0
1002,草本24,,草本24,"[('草本風采', 50)]",[],0
1003,柳營牧場,,柳營牧場,"[('初鹿牧場', 50), ('飛牛牧場', 50), ('明全牧場', 50), ('禾香牧場', 50)]",[],0
1004,優豆君,,優豆君,[],[],0
1005,然植萃,,然植萃,"[('艾瑪植萃', 57)]",[],0
1006,力度伸,,力度伸,[],[],0
1007,健康快遞,,健康快遞,"[('健康力', 57), ('蒸健康', 57), ('健康廚房', 50), ('健康曙光', 50), ('健康物語', 50), ('每朝健康', 50), ('健康總匯', 50), ('愛伊健康', 50)]",[],0
1008,樂伊妥,,樂伊妥,[],[],0
1009,紅牛,,紅牛,"[('紅印', 50), ('紅米', 50), ('牛爾', 50), ('京紅', 50), ('正牛', 50)]",[],0
1010,飛牛牧場,,飛牛牧場,"[('初鹿牧場', 50), ('柳營牧場', 50), ('明全牧場', 50), ('禾香牧場', 50)]",[],0
1011,金寶,,金寶,"[('寶亨', 50), ('大金', 50), ('聲寶', 50), ('寶僑', 50), ('寶馬', 50), ('寶路', 50), ('金蘭', 50), ('丸金', 50), ('鍋寶', 50), ('古寶', 50), ('諾寶', 50), ('樂金', 50), ('藍寶', 50), ('寶島', 50), ('金龍', 50), ('金岡', 50), ('金饌', 50), ('培寶', 50), ('金鹿', 50)]",[],0
1012,愛瑞雅,,愛瑞雅,[],[],0
1013,安慕希,,安慕希,[],[],0
1014,松井,,松井,"[('黑松', 50), ('澤井', 50), ('椒井', 50), ('福松', 50), ('松木', 50)]",[],0
1015,荷麗美加,,荷麗美加,"[('麗美', 67), ('麗美盛', 57)]",[],0
1016,富兔康,,富兔康,[],[],0
1017,薇達,,薇達,"[('達能', 50)]",[],0
1018,片岡,,片岡,"[('岡本', 50), ('金岡', 50)]",[],0
1019,善得,,善得,"[('得意', 50), ('諾得', 50), ('善存', 50)]",[],0
1020,薰衣草森林,,薰衣草森林,[],[],0
1021,一引,,一引,"[('統一', 50)]",[],0
1022,巴馬,,巴馬,"[('寶馬', 50), ('施巴', 50), ('龍馬', 50), ('汗馬', 50)]",[],0
1023,加拿大國寶,,加拿大國寶,[],[],0
1024,旺滴,,旺滴,"[('滴露', 50), ('卡旺', 50), ('海滴', 50), ('旺寶', 50), ('滴牌', 50)]",[],0
1025,巧多,,巧多,"[('三多', 50), ('多芬', 50), ('喜多', 50), ('多哥', 50), ('多納', 50)]",[],0
1026,優力巾,,優力巾,"[('優活力', 67)]",[],0
1027,美神契約,,美神契約,[],[],0
1028,艾肯,,艾肯,"[('艾詩', 50)]",[],0
1029,統欣生物科技,,統欣生物科技,"[('統欣生技', 80)]","[('統欣生技', 80)]",1
1030,荷柏園,,荷柏園,[],[],0
1031,米徠,,米徠,"[('小米', 50), ('米家', 50), ('紅米', 50), ('雲米', 50), ('米物', 50)]",[],0
1032,寺岡家,,寺岡家,[],[],0
1033,日青,,日青,"[('日清', 50), ('日虹', 50), ('日象', 50), ('日虎', 50), ('日濢', 50), ('朝日', 50)]",[],0
1034,活力廚房,,活力廚房,"[('活力廚坊', 75), ('活力', 67), ('活力滋', 57), ('優活力', 57), ('健康廚房', 50), ('亞尼活力', 50), ('狗子廚房', 50)]",[],0
1035,呈禾康,,呈禾康,[],[],0
1036,華冠,,華冠,"[('桂冠', 50), ('華佗', 50), ('華陀', 50), ('皇冠', 50), ('富華', 50), ('西華', 50), ('愛華', 50), ('華菱', 50)]",[],0
1037,小七泡泡,,小七泡泡,[],[],0
1038,芙樂思,,芙樂思,[],[],0
1039,潘海利根,,潘海利根,"[('海尼根', 57)]",[],0
1040,福記,,福記,"[('家福', 50), ('福樂', 50), ('三記', 50), ('寧記', 50), ('田記', 50), ('福汎', 50), ('福松', 50), ('德記', 50), ('李記', 50)]",[],0
1041,元氣,,元氣,"[('元氣王', 80), ('元氣堂', 80), ('元山', 50), ('東元', 50), ('山元', 50), ('元歲', 50), ('狀元', 50), ('上元', 50)]","[('元氣王', 80), ('元氣堂', 80)]",1
1042,清銀露,,清銀露,[],[],0
1043,丸進,,丸進,"[('丸金', 50), ('丸莊', 50), ('丸秀', 50), ('丸山', 50), ('丸友', 50)]",[],0
1044,小牧好好,,小牧好好,[],[],0
1045,蔻蘿蘭,,蔻蘿蘭,[],[],0
1046,梨奧美,,梨奧美,[],[],0
1047,麗美,,麗美,"[('麗美盛', 80), ('荷麗美加', 67), ('義美', 50), ('美琪', 50), ('麗仕', 50), ('美則', 50), ('美樂', 50), ('麗白', 50), ('美寧', 50), ('麗莎', 50), ('源美', 50), ('麗奇', 50), ('台麗', 50), ('美琦', 50), ('美的', 50)]","[('麗美盛', 80)]",1
1048,傳貴,,傳貴,[],[],0
1049,健喬信元,,健喬信元,[],[],0
1050,義大利金杯咖啡,,義大利金杯咖啡,[],[],0
1051,理研,,理研,"[('工研', 50), ('大研', 50)]",[],0
1052,探險者,,探險者,[],[],0
1053,中華豪井,,中華豪井,[],[],0
1054,金展輝,,金展輝,[],[],0
1055,好日子,,好日子,[],[],0
1056,鼎新,,鼎新,"[('新生', 50), ('新格', 50), ('新味', 50), ('新奇', 50), ('皇鼎', 50)]",[],0
1057,茉娜姿,,茉娜姿,[],[],0
1058,米物,,米物,"[('小米', 50), ('米家', 50), ('紅米', 50), ('雲米', 50), ('米徠', 50)]",[],0
1059,氧視加,,氧視加,[],[],0
1060,愛迪生,,愛迪生,"[('愛生活', 67)]",[],0
1061,芭弗莎林,,芭弗莎林,[],[],0
1062,臻愛,,臻愛,"[('愛喜', 50), ('愛買', 50), ('愛力', 50), ('愛爾', 50), ('真愛', 50), ('愛康', 50), ('愛棒', 50), ('愛華', 50)]",[],0
1063,狐狸村,,狐狸村,[],[],0
1064,維多利亞的秘密,,維多利亞的秘密,[],[],0
1065,尚美德,,尚美德,[],[],0
1066,犬力食足,,犬力食足,[],[],0
1067,熊愛咖啡,,熊愛咖啡,"[('愛戀咖啡', 75), ('藏咖啡', 57), ('熊愛露', 57), ('皇雀咖啡', 50), ('卡薩咖啡', 50), ('江鳥咖啡', 50), ('澤井咖啡', 50), ('伯朗咖啡', 50), ('咖啡廣場', 50), ('咖啡工廠', 50), ('女皇咖啡', 50), ('興波咖啡', 50), ('微美咖啡', 50), ('樂家咖啡', 50), ('湛盧咖啡', 50), ('成真咖啡', 50)]",[],0
1068,北海道日高乳業,,北海道日高乳業,[],[],0
1069,中祥麵,,中祥麵,[],[],0
1070,芙玉寶,,芙玉寶,[],[],0
1071,健康物語,,健康物語,"[('健康力', 57), ('蒸健康', 57), ('健康廚房', 50), ('森林物語', 50), ('健康曙光', 50), ('健康快遞', 50), ('每朝健康', 50), ('健康總匯', 50), ('愛伊健康', 50), ('寵愛物語', 50)]",[],0
1072,上海灘阿杜,,上海灘阿杜,[],[],0
1073,活力,,活力,"[('活力滋', 80), ('優活力', 80), ('活力廚坊', 67), ('活力廚房', 67), ('亞尼活力', 67), ('優活', 50), ('生活', 50), ('波力', 50), ('愛力', 50), ('樂活', 50)]","[('活力滋', 80), ('優活力', 80)]",1
1074,立菱尹,,立菱尹,[],[],0
1075,德記,,德記,"[('威德', 50), ('三記', 50), ('寧記', 50), ('田記', 50), ('福記', 50), ('李記', 50)]",[],0
1076,吉妮斯,,吉妮斯,"[('海吉尼斯', 57)]",[],0
1077,木酢達人,,木酢達人,[],[],0
1078,八甲田,,八甲田,"[('六甲田莊', 57)]",[],0
1079,阿里山,,阿里山,[],[],0
1080,左岸,,左岸,[],[],0
1081,李記,,李記,"[('李錦記', 80), ('三記', 50), ('寧記', 50), ('田記', 50), ('福記', 50), ('德記', 50)]","[('李錦記', 80)]",1
1082,康貝,,康貝,"[('康貝特', 80), ('貝親', 50), ('貝恩', 50), ('正康', 50), ('楓康', 50), ('維康', 50), ('康萃', 50), ('康澤', 50), ('悠康', 50), ('康朵', 50), ('愛康', 50), ('佳貝', 50), ('貝克', 50)]","[('康貝特', 80)]",1
1083,鵑城牌,,鵑城牌,[],[],0
1084,臻豆坊,,臻豆坊,[],[],0
1085,寶貝餌子,,寶貝餌子,"[('熊寶貝', 57), ('哄寶貝', 57), ('寶貝妮', 57), ('好寶貝', 57), ('彎彎寶貝', 50), ('吉尼寶貝', 50)]",[],0
1086,元歲,,元歲,"[('元山', 50), ('東元', 50), ('山元', 50), ('元氣', 50), ('狀元', 50), ('千歲', 50), ('上元', 50)]",[],0
1087,比依,,比依,"[('雪比', 50), ('博比', 50)]",[],0
1088,男人香,,男人香,[],[],0
1089,川雲,,川雲,"[('雲谷', 50), ('雲米', 50), ('川西', 50), ('川中', 50)]",[],0
1090,百年薔薇,,百年薔薇,[],[],0
1091,大昌,,大昌,"[('大金', 50), ('大正', 50), ('屏大', 50), ('海昌', 50), ('大研', 50), ('大河', 50), ('大醬', 50), ('大王', 50), ('大芳', 50), ('晨昌', 50)]",[],0
1092,地中海,,地中海,[],[],0
1093,豪山,,豪山,"[('元山', 50), ('泰山', 50), ('雪山', 50), ('香山', 50), ('山森', 50), ('山水', 50), ('上豪', 50), ('山崎', 50), ('雙豪', 50), ('山元', 50), ('山形', 50), ('富山', 50), ('武山', 50), ('丸山', 50)]",[],0
1094,東邦,,東邦,"[('東成', 50), ('東泉', 50), ('東芝', 50), ('東元', 50), ('東凌', 50), ('信東', 50), ('東銘', 50)]",[],0
1095,誠泰,,誠泰,"[('泰安', 50), ('泰山', 50)]",[],0
1096,益瑞昇,,益瑞昇,[],[],0
1097,森萊富,,森萊富,[],[],0
1098,威靈頓,,威靈頓,[],[],0
1099,永新牌,,永新牌,"[('達新牌', 67), ('永信牌', 67), ('永用牌', 67)]",[],0
1100,鮮剖,,鮮剖,"[('藏鮮', 50)]",[],0
1101,蒂克,,蒂克,"[('克補', 50), ('克寧', 50), ('貝克', 50)]",[],0
1102,元進莊,,元進莊,[],[],0
1103,三鷹,,三鷹,"[('三多', 50), ('三記', 50), ('三洋', 50), ('綾鷹', 50), ('三菱', 50)]",[],0
1104,鋒味,,鋒味,"[('味全', 50), ('味丹', 50), ('味王', 50), ('新味', 50), ('厝味', 50), ('味榮', 50), ('和味', 50)]",[],0
1105,麗莎,,麗莎,"[('麗仕', 50), ('麗白', 50), ('麗美', 50), ('麗奇', 50), ('台麗', 50), ('伊麗莎白雅頓', 50)]",[],0
1106,愛美力,,愛美力,"[('愛力', 80), ('愛力根', 67), ('愛引力', 67)]","[('愛力', 80)]",1
1107,悅拭美,,悅拭美,[],[],0
1108,大師兄銷魂麵舖,,大師兄銷魂麵舖,[],[],0
1109,熊寶寶,,熊寶寶,"[('熊寶貝', 67), ('滿意寶寶', 57), ('獅子寶寶', 57)]",[],0
1110,源美,,源美,"[('義美', 50), ('美琪', 50), ('美則', 50), ('美樂', 50), ('美寧', 50), ('源珍', 50), ('麗美', 50), ('美琦', 50), ('美的', 50)]",[],0
1111,西華,,西華,"[('華佗', 50), ('華陀', 50), ('西北', 50), ('川西', 50), ('富華', 50), ('華冠', 50), ('愛華', 50), ('華菱', 50)]",[],0
1112,亞尼活力,,亞尼活力,"[('活力', 67), ('活力滋', 57), ('優活力', 57), ('活力廚坊', 50), ('活力廚房', 50), ('尼克亞力', 50)]",[],0
1113,戴春林,,戴春林,[],[],0
1114,愛司盟,,愛司盟,[],[],0
1115,水森活,,水森活,"[('綠森活', 67)]",[],0
1116,明星,,明星,"[('七星', 50), ('明治', 50), ('明宜', 50)]",[],0
1117,火霹靂,,火霹靂,[],[],0
1118,麗奇,,麗奇,"[('麗仕', 50), ('麗白', 50), ('新奇', 50), ('奇哥', 50), ('奇異', 50), ('麗美', 50), ('麗莎', 50), ('台麗', 50), ('奇寶', 50)]",[],0
1119,台麗,,台麗,"[('台鹽', 50), ('台酒', 50), ('台啤', 50), ('麗仕', 50), ('台農', 50), ('台畜', 50), ('台鳳', 50), ('麗白', 50), ('台塑', 50), ('麗美', 50), ('麗莎', 50), ('麗奇', 50), ('台塩', 50)]",[],0
1120,台灣三洋,,台灣三洋,"[('三洋', 67), ('台灣啤酒', 50), ('日本三洋', 50), ('台灣農林', 50), ('台灣好漁', 50), ('台灣伊日', 50), ('台灣g霸', 50), ('台灣好田', 50)]",[],0
1121,富山,,富山,"[('元山', 50), ('泰山', 50), ('雪山', 50), ('香山', 50), ('山森', 50), ('山水', 50), ('山崎', 50), ('富統', 50), ('山元', 50), ('山形', 50), ('富華', 50), ('富士', 50), ('豪山', 50), ('武山', 50), ('丸山', 50)]",[],0
1122,遠東生技,,遠東生技,"[('信東生技', 75), ('台鹽生技', 50), ('統欣生技', 50), ('台酒生技', 50), ('宏醫生技', 50), ('大醫生技', 50), ('台海生技', 50), ('長庚生技', 50), ('三井生技', 50), ('鑫耀生技', 50), ('創益生技', 50)]",[],0
1123,康迪斯,,康迪斯,[],[],0
1124,包寧安,,包寧安,[],[],0
1125,台海生技,,台海生技,"[('台鹽生技', 75), ('台酒生技', 75), ('統欣生技', 50), ('信東生技', 50), ('宏醫生技', 50), ('大醫生技', 50), ('台塑生醫', 50), ('遠東生技', 50), ('長庚生技', 50), ('三井生技', 50), ('鑫耀生技', 50), ('創益生技', 50)]",[],0
1126,雅如詩,,雅如詩,[],[],0
1127,六甲田莊,,六甲田莊,"[('八甲田', 57)]",[],0
1128,宏福牌,,宏福牌,"[('福華牌', 67)]",[],0
1129,微美咖啡,,微美咖啡,"[('藏咖啡', 57), ('皇雀咖啡', 50), ('卡薩咖啡', 50), ('江鳥咖啡', 50), ('澤井咖啡', 50), ('伯朗咖啡', 50), ('咖啡廣場', 50), ('咖啡工廠', 50), ('女皇咖啡', 50), ('興波咖啡', 50), ('熊愛咖啡', 50), ('愛戀咖啡', 50), ('樂家咖啡', 50), ('湛盧咖啡', 50), ('成真咖啡', 50)]",[],0
1130,愛戀咖啡,,愛戀咖啡,"[('熊愛咖啡', 75), ('藏咖啡', 57), ('皇雀咖啡', 50), ('卡薩咖啡', 50), ('江鳥咖啡', 50), ('澤井咖啡', 50), ('伯朗咖啡', 50), ('咖啡廣場', 50), ('咖啡工廠', 50), ('女皇咖啡', 50), ('興波咖啡', 50), ('微美咖啡', 50), ('樂家咖啡', 50), ('湛盧咖啡', 50), ('成真咖啡', 50)]",[],0
1131,優你可,,優你可,[],[],0
1132,百樂潔,,百樂潔,[],[],0
1133,朝日,,朝日,"[('朝日田野', 67), ('日清', 50), ('日虹', 50), ('日象', 50), ('日虎', 50), ('王朝', 50), ('日濢', 50), ('每朝', 50), ('日青', 50)]",[],0
1134,歡樂派,,歡樂派,[],[],0
1135,伯爵,,伯爵,"[('伯朗', 50), ('尊爵', 50), ('爵戀', 50)]",[],0
1136,益豆之優,,益豆之優,"[('舒益優', 57)]",[],0
1137,湯姆盛,,湯姆盛,[],[],0
1138,北海道大雪山,,北海道大雪山,"[('雪山', 50)]",[],0
1139,北的快適工房,,北的快適工房,[],[],0
1140,德妍思,,德妍思,[],[],0
1141,海饌,,海饌,"[('海昌', 50), ('金饌', 50), ('海滴', 50), ('海爾', 50), ('海瑞', 50), ('別海', 50)]",[],0
1142,小太陽,,小太陽,[],[],0
1143,民生,,民生,"[('嬌生', 50), ('優生', 50), ('新生', 50), ('生活', 50)]",[],0
1144,頂燒,,頂燒,"[('頂好', 50)]",[],0
1145,信東,,信東,"[('信東生技', 67), ('東成', 50), ('東泉', 50), ('東芝', 50), ('東元', 50), ('東凌', 50), ('東邦', 50), ('永信', 50), ('東銘', 50)]",[],0
1146,別海,,別海,"[('海昌', 50), ('海滴', 50), ('海爾', 50), ('海瑞', 50), ('海饌', 50)]",[],0
1147,愛康,,愛康,"[('愛爾康', 80), ('愛益康', 80), ('愛伊健康', 67), ('愛喜', 50), ('愛買', 50), ('愛力', 50), ('正康', 50), ('楓康', 50), ('愛爾', 50), ('維康', 50), ('康萃', 50), ('康澤', 50), ('悠康', 50), ('真愛', 50), ('康朵', 50), ('臻愛', 50), ('康貝', 50), ('愛棒', 50), ('愛華', 50)]","[('愛爾康', 80), ('愛益康', 80)]",1
1148,德瑪愛,,德瑪愛,[],[],0
1149,髮蔓濃,,髮蔓濃,[],[],0
1150,大嚐津,,大嚐津,[],[],0
1151,睛亮,,睛亮,"[('亮潔', 50)]",[],0
1152,歐米豆,,歐米豆,[],[],0
1153,六合,,六合,"[('合興', 50)]",[],0
1154,莫札特,,莫札特,[],[],0
1155,永信,,永信,"[('永信牌', 80), ('永信藥品', 67), ('信東', 50)]","[('永信牌', 80)]",1
1156,樂家咖啡,,樂家咖啡,"[('藏咖啡', 57), ('咖樂迪咖啡農場', 55), ('皇雀咖啡', 50), ('卡薩咖啡', 50), ('江鳥咖啡', 50), ('澤井咖啡', 50), ('伯朗咖啡', 50), ('咖啡廣場', 50), ('咖啡工廠', 50), ('女皇咖啡', 50), ('興波咖啡', 50), ('熊愛咖啡', 50), ('微美咖啡', 50), ('愛戀咖啡', 50), ('湛盧咖啡', 50), ('成真咖啡', 50)]",[],0
1157,南亞牌,,南亞牌,[],[],0
1158,優護,,優護,"[('優生', 50), ('優活', 50), ('禾護', 50), ('優品', 50), ('優柏', 50), ('快護', 50)]",[],0
1159,艾特優,,艾特優,"[('艾維特', 67), ('艾美特', 67)]",[],0
1160,船山舒雞,,船山舒雞,[],[],0
1161,植英房,,植英房,"[('植妍房', 67)]",[],0
1162,明全牧場,,明全牧場,"[('初鹿牧場', 50), ('柳營牧場', 50), ('飛牛牧場', 50), ('禾香牧場', 50)]",[],0
1163,東森耐斯,,東森耐斯,"[('耐斯', 67)]",[],0
1164,菇王食品,,菇王食品,"[('菇王', 67)]",[],0
1165,狀元,,狀元,"[('元山', 50), ('東元', 50), ('山元', 50), ('元氣', 50), ('元歲', 50), ('上元', 50)]",[],0
1166,瑪宣妮,,瑪宣妮,[],[],0
1167,史努比,,史努比,[],[],0
1168,再再之在,,再再之在,[],[],0
1169,莊淑旂養生莊園,,莊淑旂養生莊園,[],[],0
1170,真鍋,,真鍋,"[('真爽', 50), ('鍋寶', 50), ('真愛', 50), ('牧真', 50)]",[],0
1171,和田寬,,和田寬,"[('和田順', 67), ('和田館', 67)]",[],0
1172,必安住,,必安住,[],[],0
1173,武山,,武山,"[('元山', 50), ('泰山', 50), ('雪山', 50), ('香山', 50), ('山森', 50), ('山水', 50), ('山崎', 50), ('山元', 50), ('山形', 50), ('豪山', 50), ('富山', 50), ('丸山', 50)]",[],0
1174,天然磨坊,,天然磨坊,"[('天然一膳', 50), ('伊頌天然', 50)]",[],0
1175,非寵不可,,非寵不可,[],[],0
1176,沐可麗,,沐可麗,[],[],0
1177,山豬園,,山豬園,[],[],0
1178,好朋友,,好朋友,[],[],0
1179,路易莎,,路易莎,[],[],0
1180,白象,,白象,"[('白鴿', 50), ('象印', 50), ('白人', 50), ('白雪', 50), ('日象', 50), ('麗白', 50)]",[],0
1181,丸山,,丸山,"[('元山', 50), ('泰山', 50), ('丸金', 50), ('雪山', 50), ('香山', 50), ('山森', 50), ('丸莊', 50), ('山水', 50), ('山崎', 50), ('山元', 50), ('山形', 50), ('丸秀', 50), ('丸進', 50), ('豪山', 50), ('富山', 50), ('武山', 50), ('丸友', 50)]",[],0
1182,陸丁博士,,陸丁博士,"[('博士美', 57), ('白博士', 57), ('博士巧思', 50), ('艾克博士', 50), ('布朗博士', 50)]",[],0
1183,派仕,,派仕,"[('麗仕', 50), ('威仕', 50), ('名仕', 50), ('寶仕', 50)]",[],0
1184,川中,,川中,"[('川西', 50), ('川雲', 50)]",[],0
1185,丸友,,丸友,"[('丸金', 50), ('丸莊', 50), ('丸秀', 50), ('丸進', 50), ('丸山', 50)]",[],0
1186,東銘,,東銘,"[('東成', 50), ('東泉', 50), ('東芝', 50), ('東元', 50), ('東凌', 50), ('東邦', 50), ('信東', 50)]",[],0
1187,雄獅,,雄獅,"[('獅王', 50)]",[],0
1188,自白肌,,自白肌,[],[],0
1189,齒方籤,,齒方籤,[],[],0
1190,每朝健康,,每朝健康,"[('每朝', 67), ('健康力', 57), ('蒸健康', 57), ('健康廚房', 50), ('健康曙光', 50), ('健康快遞', 50), ('健康物語', 50), ('健康總匯', 50), ('愛伊健康', 50)]",[],0
1191,益菌革命,,益菌革命,"[('小潔革命', 50)]",[],0
1192,好寶貝,,好寶貝,"[('熊寶貝', 67), ('哄寶貝', 67), ('寶貝妮', 67), ('彎彎寶貝', 57), ('吉尼寶貝', 57), ('寶貝餌子', 57)]",[],0
1193,全植媽媽,,全植媽媽,[],[],0
1194,舒珊,,舒珊,"[('舒潔', 50), ('舒跑', 50), ('朵舒', 50), ('珊諾', 50), ('舒澡', 50)]",[],0
1195,奇寶,,奇寶,"[('寶亨', 50), ('聲寶', 50), ('寶僑', 50), ('寶馬', 50), ('寶路', 50), ('鍋寶', 50), ('古寶', 50), ('諾寶', 50), ('藍寶', 50), ('寶島', 50), ('培寶', 50), ('旺寶', 50), ('寶仕', 50), ('新奇', 50), ('奇哥', 50), ('奇異', 50), ('金寶', 50), ('麗奇', 50), ('威寶', 50)]",[],0
1196,佳貝,,佳貝,"[('貝親', 50), ('貝恩', 50), ('佳龍', 50), ('康貝', 50), ('貝克', 50)]",[],0
1197,美娜多,,美娜多,[],[],0
1198,巷口乾麵,,巷口乾麵,"[('大乾麵', 57), ('大甲乾麵', 50)]",[],0
1199,大炒一番,,大炒一番,"[('鮮一番', 57), ('燒鳥一番', 50), ('潔牙一番', 50)]",[],0
1200,御皇居,,御皇居,[],[],0
1201,元氣王,,元氣王,"[('元氣', 80), ('元氣堂', 67)]","[('元氣', 80)]",1
1202,創鮮家,,創鮮家,[],[],0
1203,健康總匯,,健康總匯,"[('健康力', 57), ('蒸健康', 57), ('健康廚房', 50), ('健康曙光', 50), ('健康快遞', 50), ('健康物語', 50), ('每朝健康', 50), ('愛伊健康', 50)]",[],0
1204,松木,,松木,"[('黑松', 50), ('木村', 50), ('福松', 50), ('松井', 50)]",[],0
1205,百喬生醫,,百喬生醫,"[('百喬', 67), ('義美生醫', 50), ('大研生醫', 50), ('船井生醫', 50), ('台塑生醫', 50), ('陽明生醫', 50)]",[],0
1206,達能,,達能,"[('薇達', 50)]",[],0
1207,凱娜,,凱娜,"[('凱飛', 50)]",[],0
1208,十味觀,,十味觀,[],[],0
1209,小銅板,,小銅板,[],[],0
1210,韓國2080,,韓國2080,[],[],0
1211,金牌大師,,金牌大師,"[('麵大師', 57), ('健身大師', 50)]",[],0
1212,草本風采,,草本風采,"[('草本24', 50)]",[],0
1213,肯麥斯,,肯麥斯,[],[],0
1214,幸福花浴,,幸福花浴,"[('幸福時光', 50), ('幸福流域', 50)]",[],0
1215,長庚生技,,長庚生技,"[('長庚', 67), ('台鹽生技', 50), ('統欣生技', 50), ('信東生技', 50), ('台酒生技', 50), ('宏醫生技', 50), ('大醫生技', 50), ('遠東生技', 50), ('台海生技', 50), ('三井生技', 50), ('鑫耀生技', 50), ('創益生技', 50)]",[],0
1216,伊麗莎白雅頓,,伊麗莎白雅頓,"[('麗白', 50), ('麗莎', 50)]",[],0
1217,人可和,,人可和,[],[],0
1218,純萃喝,,純萃喝,"[('純粹喝', 67)]",[],0
1219,博比,,博比,"[('雪比', 50), ('比依', 50)]",[],0
1220,三菱,,三菱,"[('三菱電機', 67), ('三多', 50), ('三記', 50), ('三洋', 50), ('三鷹', 50), ('華菱', 50)]",[],0
1221,呼嚕貓,,呼嚕貓,[],[],0
1222,婦樂寧,,婦樂寧,[],[],0
1223,貝克,,貝克,"[('貝親', 50), ('貝恩', 50), ('克補', 50), ('克寧', 50), ('康貝', 50), ('蒂克', 50), ('佳貝', 50)]",[],0
1224,可立潔,,可立潔,[],[],0
1225,248農學市集,,248農學市集,[],[],0
1226,愛恩富,,愛恩富,[],[],0
1227,快護,,快護,"[('禾護', 50), ('優護', 50)]",[],0
1228,咖樂迪,,咖樂迪,"[('咖樂迪咖啡農場', 60)]",[],0
1229,頂尖國際,,頂尖國際,"[('國際', 67), ('國際牌', 57), ('明洞國際', 50)]",[],0
1230,布瓦宏,,布瓦宏,[],[],0
1231,黃金盾,,黃金盾,[],[],0
1232,永用牌,,永用牌,"[('永信牌', 67), ('永新牌', 67), ('實用牌', 67)]",[],0
1233,悠安美,,悠安美,[],[],0
1234,台灣g霸,,台灣g霸,"[('台灣啤酒', 50), ('台灣農林', 50), ('台灣好漁', 50), ('台灣伊日', 50), ('台灣三洋', 50), ('台灣好田', 50)]",[],0
1235,晶工,,晶工,"[('工研', 50), ('晶鈺', 50)]",[],0
1236,富士通,,富士通,"[('富士', 80)]","[('富士', 80)]",1
1237,耐斯,,耐斯,"[('東森耐斯', 67), ('摩斯', 50), ('斯斯', 50)]",[],0
1238,哈妮來,,哈妮來,[],[],0
1239,興農,,興農,"[('農心', 50), ('台農', 50), ('農會', 50), ('國農', 50), ('綠農', 50), ('合興', 50)]",[],0
1240,愛棒,,愛棒,"[('愛喜', 50), ('愛買', 50), ('愛力', 50), ('愛爾', 50), ('真愛', 50), ('臻愛', 50), ('愛康', 50), ('愛華', 50)]",[],0
1241,羅多倫和餐,,羅多倫和餐,[],[],0
1242,艾瑪植萃,,艾瑪植萃,"[('然植萃', 57), ('艾瑪花園', 50)]",[],0
1243,蓓蕊,,蓓蕊,[],[],0
1244,天然一膳,,天然一膳,"[('天然磨坊', 50), ('伊頌天然', 50)]",[],0
1245,妙可適,,妙可適,[],[],0
1246,三井生技,,三井生技,"[('台鹽生技', 50), ('統欣生技', 50), ('信東生技', 50), ('船井生醫', 50), ('台酒生技', 50), ('宏醫生技', 50), ('大醫生技', 50), ('遠東生技', 50), ('台海生技', 50), ('長庚生技', 50), ('鑫耀生技', 50), ('創益生技', 50)]",[],0
1247,布朗博士,,布朗博士,"[('博士美', 57), ('白博士', 57), ('紅布朗', 57), ('博士巧思', 50), ('艾克博士', 50), ('陸丁博士', 50)]",[],0
1248,美的冒泡,,美的冒泡,"[('美的', 67)]",[],0
1249,千歲,,千歲,"[('元歲', 50)]",[],0
1250,愛接觸,,愛接觸,[],[],0
1251,富力森,,富力森,[],[],0
1252,豆腐盛田屋,,豆腐盛田屋,"[('盛田', 57)]",[],0
1253,必爾思,,必爾思,"[('摩爾思', 67), ('可爾必思', 57)]",[],0
1254,陽明生醫,,陽明生醫,"[('義美生醫', 50), ('大研生醫', 50), ('船井生醫', 50), ('台塑生醫', 50), ('百喬生醫', 50)]",[],0
1255,綺緣,,綺緣,"[('隨緣', 50)]",[],0
1256,實用牌,,實用牌,"[('永用牌', 67)]",[],0
1257,安娜蘇,,安娜蘇,[],[],0
1258,愛伊健康,,愛伊健康,"[('愛康', 67), ('愛爾康', 57), ('健康力', 57), ('蒸健康', 57), ('愛益康', 57), ('健康廚房', 50), ('健康曙光', 50), ('健康快遞', 50), ('健康物語', 50), ('每朝健康', 50), ('健康總匯', 50)]",[],0
1259,上品王,,上品王,[],[],0
1260,典豆成金,,典豆成金,[],[],0
1261,蜜蜂工坊,,蜜蜂工坊,"[('金蜜蜂', 57), ('橘子工坊', 50), ('酵速工坊', 50)]",[],0
1262,森產業,,森產業,[],[],0
1263,愛益康,,愛益康,"[('愛康', 80), ('愛爾康', 67), ('愛伊健康', 57)]","[('愛康', 80)]",1
1264,晨昌,,晨昌,"[('晨捷', 50), ('海昌', 50), ('大昌', 50)]",[],0
1265,狗子廚房,,狗子廚房,"[('健康廚房', 50), ('活力廚房', 50)]",[],0
1266,醬本缸,,醬本缸,[],[],0
1267,合家歡,,合家歡,[],[],0
1268,彩虹雨點,,彩虹雨點,[],[],0
1269,恩特萬,,恩特萬,[],[],0
1270,華麗牌,,華麗牌,"[('福華牌', 67)]",[],0
1271,宏裕行,,宏裕行,[],[],0
1272,優廚寶,,優廚寶,[],[],0
1273,長庚,,長庚,"[('長庚生技', 67), ('長壽', 50)]",[],0
1274,本家生機,,本家生機,"[('統一生機', 50), ('稻屋生機', 50), ('綠藤生機', 50)]",[],0
1275,朵蔓朵蓮,,朵蔓朵蓮,[],[],0
1276,麗仁堂,,麗仁堂,[],[],0
1277,鑫耀生技,,鑫耀生技,"[('台鹽生技', 50), ('統欣生技', 50), ('信東生技', 50), ('台酒生技', 50), ('宏醫生技', 50), ('大醫生技', 50), ('遠東生技', 50), ('台海生技', 50), ('長庚生技', 50), ('三井生技', 50), ('創益生技', 50)]",[],0
1278,蜂鳥,,蜂鳥,"[('卜蜂', 50)]",[],0
1279,垣戊,,垣戊,[],[],0
1280,伊賀越,,伊賀越,[],[],0
1281,印象之美,,印象之美,[],[],0
1282,御田,,御田,"[('濱田', 50), ('安田', 50), ('上田', 50), ('田記', 50), ('盛田', 50)]",[],0
1283,天然保健所,,天然保健所,[],[],0
1284,蹺蹺板小姐,,蹺蹺板小姐,[],[],0
1285,比利時凱瑞克,,比利時凱瑞克,[],[],0
1286,美私樂,,美私樂,"[('美樂', 80)]","[('美樂', 80)]",1
1287,聯統,,聯統,"[('禾聯', 50), ('統一', 50), ('富統', 50), ('聯碩', 50), ('統洋', 50)]",[],0
1288,雙燕牌,,雙燕牌,"[('雙飛燕', 67), ('雙星牌', 67)]",[],0
1289,合興,,合興,"[('六合', 50), ('興農', 50)]",[],0
1290,元園廖媽媽,,元園廖媽媽,[],[],0
1291,元氣堂,,元氣堂,"[('元氣', 80), ('存元堂', 67), ('元氣王', 67), ('華陀扶元堂', 50)]","[('元氣', 80)]",1
1292,卡維亞,,卡維亞,[],[],0
1293,仙女牌,,仙女牌,[],[],0
1294,愛華,,愛華,"[('華佗', 50), ('華陀', 50), ('愛喜', 50), ('愛買', 50), ('愛力', 50), ('愛爾', 50), ('富華', 50), ('真愛', 50), ('華冠', 50), ('臻愛', 50), ('西華', 50), ('愛康', 50), ('愛棒', 50), ('華菱', 50)]",[],0
1295,緣蘋果,,緣蘋果,"[('蘋果西打', 57)]",[],0
1296,威寶,,威寶,"[('寶亨', 50), ('百威', 50), ('聲寶', 50), ('寶僑', 50), ('勁威', 50), ('寶馬', 50), ('寶路', 50), ('鍋寶', 50), ('古寶', 50), ('威德', 50), ('諾寶', 50), ('藍寶', 50), ('威仕', 50), ('寶島', 50), ('培寶', 50), ('旺寶', 50), ('寶仕', 50), ('金寶', 50), ('奇寶', 50)]",[],0
1297,機植之丘,,機植之丘,[],[],0
1298,鱷魚,,鱷魚,[],[],0
1299,阿德比,,阿德比,[],[],0
1300,水涓肌,,水涓肌,"[('美島水肌', 57)]",[],0
1301,和田館,,和田館,"[('和田順', 67), ('和田寬', 67)]",[],0
1302,易家,,易家,"[('米家', 50), ('家福', 50), ('娘家', 50)]",[],0
1303,茶月,,茶月,"[('靠茶', 50)]",[],0
1304,凡爾賽玫瑰,,凡爾賽玫瑰,[],[],0
1305,滴滴鮮,,滴滴鮮,[],[],0
1306,汗馬,,汗馬,"[('寶馬', 50), ('龍馬', 50), ('巴馬', 50)]",[],0
1307,楓葉,,楓葉,"[('四葉', 50), ('楓康', 50), ('輝葉', 50)]",[],0
1308,大興吉,,大興吉,[],[],0
1309,小風鈴,,小風鈴,[],[],0
1310,崇德發,,崇德發,[],[],0
1311,生態綠,,生態綠,[],[],0
1312,尼克亞力,,尼克亞力,"[('亞尼活力', 50)]",[],0
1313,卵肌本舖,,卵肌本舖,[],[],0
1314,湛盧咖啡,,湛盧咖啡,"[('湛盧', 67), ('藏咖啡', 57), ('皇雀咖啡', 50), ('卡薩咖啡', 50), ('江鳥咖啡', 50), ('澤井咖啡', 50), ('伯朗咖啡', 50), ('咖啡廣場', 50), ('咖啡工廠', 50), ('女皇咖啡', 50), ('興波咖啡', 50), ('熊愛咖啡', 50), ('微美咖啡', 50), ('愛戀咖啡', 50), ('樂家咖啡', 50), ('成真咖啡', 50)]",[],0
1315,奇格利爾,,奇格利爾,[],[],0
1316,綠藤生機,,綠藤生機,"[('統一生機', 50), ('稻屋生機', 50), ('本家生機', 50)]",[],0
1317,東森自然美,,東森自然美,"[('自然零', 50), ('自然派', 50), ('饅自然', 50)]",[],0
1318,美膳雅,,美膳雅,[],[],0
1319,成真咖啡,,成真咖啡,"[('藏咖啡', 57), ('皇雀咖啡', 50), ('卡薩咖啡', 50), ('江鳥咖啡', 50), ('澤井咖啡', 50), ('伯朗咖啡', 50), ('咖啡廣場', 50), ('咖啡工廠', 50), ('女皇咖啡', 50), ('興波咖啡', 50), ('熊愛咖啡', 50), ('微美咖啡', 50), ('愛戀咖啡', 50), ('樂家咖啡', 50), ('湛盧咖啡', 50)]",[],0
1320,牧真,,牧真,"[('真爽', 50), ('牧實', 50), ('真愛', 50), ('真鍋', 50)]",[],0
1321,銀輝,,銀輝,"[('輝葉', 50)]",[],0
1322,熊愛露,,熊愛露,"[('熊愛咖啡', 57)]",[],0
1323,家倍健,,家倍健,[],[],0
1324,赤穗化成,,赤穗化成,[],[],0
1325,瘋喵,,瘋喵,[],[],0
1326,久保雅司,,久保雅司,[],[],0
1327,正豐,,正豐,"[('大正', 50), ('正康', 50), ('正牛', 50)]",[],0
1328,老北,,老北,"[('西北', 50)]",[],0
1329,幸福時光,,幸福時光,"[('午后時光', 50), ('幸福花浴', 50), ('幸福流域', 50)]",[],0
1330,普洛斯,,普洛斯,[],[],0
1331,哈亞,,哈亞,[],[],0
1332,夫力士,,夫力士,"[('健力士', 67)]",[],0
1333,綠地,,綠地,"[('綠的', 50), ('綠農', 50)]",[],0
1334,順光,,順光,[],[],0
1335,唐美人,,唐美人,[],[],0
1336,七里香,,七里香,[],[],0
1337,優識立,,優識立,[],[],0
1338,牙得安,,牙得安,[],[],0
1339,毛穴撫子,,毛穴撫子,"[('齒磨撫子', 50)]",[],0
1340,蘭韻,,蘭韻,"[('金蘭', 50), ('濃韻', 50)]",[],0
1341,寵愛物語,,寵愛物語,"[('森林物語', 50), ('全球寵物', 50), ('寵物夥伴', 50), ('健康物語', 50)]",[],0
1342,幸福流域,,幸福流域,"[('幸福花浴', 50), ('幸福時光', 50)]",[],0
1343,金金廣,,金金廣,"[('金車柏克金', 50)]",[],0
1344,享夢城堡,,享夢城堡,[],[],0
1345,丸龜製套,,丸龜製套,[],[],0
1346,九陽,,九陽,[],[],0
1347,台灣好田,,台灣好田,"[('台灣好漁', 75), ('台灣啤酒', 50), ('台灣農林', 50), ('台灣伊日', 50), ('台灣三洋', 50), ('台灣g霸', 50)]",[],0
1348,領航家,,領航家,[],[],0
1349,小禮堂,,小禮堂,[],[],0
1350,禾香牧場,,禾香牧場,"[('初鹿牧場', 50), ('柳營牧場', 50), ('飛牛牧場', 50), ('明全牧場', 50)]",[],0
1351,美琦,,美琦,"[('義美', 50), ('美琪', 50), ('美則', 50), ('美樂', 50), ('美寧', 50), ('麗美', 50), ('源美', 50), ('美的', 50)]",[],0
1352,潤姬桃子,,潤姬桃子,[],[],0
1353,虎牙,,虎牙,"[('虎牌', 50), ('臺虎', 50), ('虎屋', 50), ('日虎', 50)]",[],0
1354,伊頌天然,,伊頌天然,"[('天然磨坊', 50), ('天然一膳', 50)]",[],0
1355,花園,,花園,"[('艾瑪花園', 67), ('花王', 50), ('絲花', 50)]",[],0
1356,和味,,和味,"[('味全', 50), ('和平', 50), ('味丹', 50), ('味王', 50), ('新味', 50), ('厝味', 50), ('味榮', 50), ('和成', 50), ('鋒味', 50)]",[],0
1357,名悅,,名悅,"[('悅氏', 50), ('名屋', 50), ('名仕', 50)]",[],0
1358,台農燕巢,,台農燕巢,"[('台農', 67), ('台灣農林', 50), ('台農崙背', 50)]",[],0
1359,無天家,,無天家,[],[],0
1360,紐麥福,,紐麥福,[],[],0
1361,光泉頂級鮮奶優酪,,光泉頂級鮮奶優酪,"[('福樂頂級優酪', 57), ('光泉鮮乳', 50)]",[],0
1362,土羊哥,,土羊哥,[],[],0
1363,創益生技,,創益生技,"[('台鹽生技', 50), ('統欣生技', 50), ('信東生技', 50), ('台酒生技', 50), ('宏醫生技', 50), ('大醫生技', 50), ('遠東生技', 50), ('台海生技', 50), ('長庚生技', 50), ('三井生技', 50), ('鑫耀生技', 50)]",[],0
1364,日虹牌,,日虹牌,"[('日虹', 80)]","[('日虹', 80)]",1
1365,美的,,美的,"[('美的冒泡', 67), ('義美', 50), ('美琪', 50), ('美則', 50), ('綠的', 50), ('美樂', 50), ('美寧', 50), ('麗美', 50), ('源美', 50), ('美琦', 50)]",[],0
1366,百喬,,百喬,"[('百喬生醫', 67), ('百威', 50), ('百齡', 50)]",[],0
1367,綠森活,,綠森活,"[('水森活', 67)]",[],0
1368,小澤,,小澤,"[('小米', 50), ('康澤', 50), ('澤井', 50)]",[],0
1369,唯浴雅,,唯浴雅,"[('唯潔雅', 67)]",[],0
1370,華菱,,華菱,"[('華佗', 50), ('華陀', 50), ('富華', 50), ('華冠', 50), ('西華', 50), ('三菱', 50), ('愛華', 50)]",[],0
1371,台塩,,台塩,"[('台鹽', 50), ('台酒', 50), ('台啤', 50), ('台農', 50), ('台畜', 50), ('台鳳', 50), ('台塑', 50), ('台麗', 50)]",[],0
1372,上元,,上元,"[('元山', 50), ('上豪', 50), ('東元', 50), ('上田', 50), ('山元', 50), ('元氣', 50), ('元歲', 50), ('狀元', 50)]",[],0
1373,富基-10,,富基-10,[],[],0
1374,一午一食,,一午一食,[],[],0
