,brand_ch,certain,U
0,元山,['元山牌'],1
1,姍拉娜,[],0
2,台鹽,"['臺鹽', '台塩']",1
3,舒潔,[],0
4,龜甲萬,[],0
5,真爽,[],0
6,理膚寶水,[],0
7,雪芙蘭,[],0
8,台酒,[],0
9,味全,"['味全萬丹', '味全簡單點', '味全林鳳營', '林鳳營特濃優格', '林鳳營精品優格', '林鳳營簡單點優格']",1
10,刷樂,[],0
11,保力達,[],0
12,牛頭牌,[],0
13,萬家香,[],0
14,高露潔,[],0
15,熊寶貝,[],0
16,泰安,[],0
17,澡享,[],0
18,白蘭氏,[],0
19,雀巢,[],0
20,原萃,[],0
21,雪坊,[],0
22,台啤,['台灣啤酒'],1
23,海倫仙度絲,[],0
24,嬌生,[],0
25,和平,[],0
26,活力滋,[],0
27,葡萄王,[],0
28,星之冠,[],0
29,桂冠,[],0
30,阿薩姆,[],0
31,德恩奈,[],0
32,康乃馨,[],0
33,草繹,[],0
34,七星,[],0
35,伯朗,['伯朗咖啡'],1
36,白鴿,[],0
37,東成,[],0
38,依必朗,[],0
39,多喝水,[],0
40,南僑,[],0
41,愛爾曼,[],0
42,寶亨,[],0
43,聖佩黎洛,[],0
44,百威,[],0
45,佳士達,[],0
46,沙威隆,[],0
47,來復易,[],0
48,愛之味,[],0
49,馬爾斯,[],0
50,莎啦莎啦,[],0
51,雲斯頓,[],0
52,阿q桶麵,[],0
53,豆油伯,[],0
54,花香5,[],0
55,越南厚生,[],0
56,味味一品,[],0
57,森田藥粧,[],0
58,人生製藥,[],0
59,西雅圖,[],0
60,倍潔雅,[],0
61,克奈圃,[],0
62,大金,[],0
63,小米,[],0
64,優生,[],0
65,等等,[],0
66,萬達寬,[],0
67,海尼根,[],0
68,賈以食日,[],0
69,愛力根,[],0
70,湛盧,['湛盧咖啡'],1
71,滿漢大餐,[],0
72,純煉,[],0
73,春風,[],0
74,黑人,['黑人牙膏'],1
75,聲寶,[],0
76,岡本,[],0
77,日落恩賜,[],0
78,農心,[],0
79,喵洽普,[],0
80,義美,[],0
81,寶僑,[],0
82,我的心機,[],0
83,頂好,[],0
84,澎澎,[],0
85,龍鳳,[],0
86,奈森克林,[],0
87,米家,[],0
88,紅印,[],0
89,植享家,[],0
90,英泉,[],0
91,象印,[],0
92,康貝特,[],0
93,日清,[],0
94,瑞春,[],0
95,高慶泉,[],0
96,檜山坊,[],0
97,來一客,[],0
98,味丹,[],0
99,美粒果,[],0
100,勁威,[],0
101,好自在,[],0
102,賀壽,[],0
103,得意,[],0
104,蘋果西打,[],0
105,貝親,[],0
106,美琪,[],0
107,舒酸定,[],0
108,益喜氏,[],0
109,金絲頓,[],0
110,寶馬,[],0
111,馬玉山,[],0
112,獅王,[],0
113,天地合補,[],0
114,立得清,[],0
115,汪喵星球,[],0
116,老媽拌麵,[],0
117,舒跑,[],0
118,恩能康見,[],0
119,黑松,[],0
120,莊頭北,[],0
121,柔軟熊,[],0
122,純喫茶,[],0
123,寶路,[],0
124,泰山,[],0
125,大甲乾麵,[],0
126,三多,[],0
127,我的健康日記,[],0
128,尊爵,[],0
129,達新牌,[],0
130,優仕曼,[],0
131,莉薇特麗,[],0
132,哄寶貝,[],0
133,博士美,[],0
134,妙管家,[],0
135,大拇指,[],0
136,西湖市場,[],0
137,蒸鮮之味,[],0
138,艾瑪花園,[],0
139,大衛杜夫,[],0
140,旺得福,[],0
141,直覺,[],0
142,美島水肌,[],0
143,樂邁,[],0
144,韓國不倒翁,[],0
145,愛爾康,[],0
146,家樂福,[],0
147,金蘭,[],0
148,家福,[],0
149,赫而司,[],0
150,新生,[],0
151,丸金,[],0
152,尚朋堂,[],0
153,資生堂,[],0
154,大正,[],0
155,唯潔雅,[],0
156,麗仕,[],0
157,永信藥品,[],0
158,茶裏王,[],0
159,福樂,"['福樂鮮攪', '福樂一番鮮', '福樂自然零', '福樂頂級優酪', '福樂低脂優酪', '自然零']",1
160,千拌麵,[],0
161,貝恩,[],0
162,清淨海,[],0
163,虎牌,[],0
164,培恩,[],0
165,雪山,[],0
166,濱田,[],0
167,史邁爾,[],0
168,雲南白藥,[],0
169,多芬,[],0
170,澳潔蕬,[],0
171,屈臣氏,[],0
172,曾拌麵,[],0
173,御茶園,[],0
174,維力炸醬麵,[],0
175,脫普,[],0
176,麥迪森,[],0
177,冰火,[],0
178,倫敦登喜路,[],0
179,台鹽生技,[],0
180,芙夏妮,[],0
181,蘇菲,[],0
182,歌林,[],0
183,爵戀,[],0
184,大補帖,[],0
185,大家源,[],0
186,麵大師,[],0
187,白帥帥,[],0
188,施巴,[],0
189,台熱牌,[],0
190,卡夫亨氏,[],0
191,五月花,[],0
192,三詩達,[],0
193,四季,[],0
194,李錦記,[],0
195,日本石鹸,[],0
196,諾得,[],0
197,小獅王,['小獅王辛巴'],1
198,鍋寶,[],0
199,拜維佳,[],0
200,國際牌,['國際'],1
201,嚕啦啦,[],0
202,麥香,[],0
203,高地卡尼,[],0
204,維力原祖,[],0
205,沈杯杯,[],0
206,花王,['日本花王'],1
207,索樂生活,[],0
208,喜樂之泉,[],0
209,依洛嘉,[],0
210,立頓,[],0
211,加倍潔,[],0
212,日虹,['日虹牌'],1
213,馬修嚴選,[],0
214,樂天,[],0
215,古寶,['古寶無患子'],1
216,三得利,[],0
217,萊萃美,[],0
218,長壽,[],0
219,卜蜂,[],0
220,香山,[],0
221,好立善,[],0
222,山森,[],0
223,邁士,[],0
224,鷹記維他,[],0
225,白人,[],0
226,優活,[],0
227,冷泡茶,[],0
228,味王,['味王麵'],1
229,沛綠雅,[],0
230,落建,[],0
231,萬寶路,[],0
232,芊柔,[],0
233,無印良品,[],0
234,四葉,[],0
235,隨緣,[],0
236,生活,['愛生活'],1
237,橘子工坊,[],0
238,靠得住,[],0
239,石頭科技,[],0
240,淬釀,[],0
241,愛可妮,[],0
242,威德,[],0
243,享溫馨,[],0
244,阿舍食堂,[],0
245,健康廚房,[],0
246,相模,[],0
247,數位,[],0
248,熊野,[],0
249,飲冰室茶集,[],0
250,莫凡彼,[],0
251,安安,['小安安'],1
252,雷雪,[],0
253,舒味思,[],0
254,一匙靈,[],0
255,輕鬆小品,[],0
256,高大鮮乳,[],0
257,大乾麵,[],0
258,丸莊,[],0
259,風騰,[],0
260,采媚,[],0
261,小綠人,[],0
262,新樂園,[],0
263,禾護,[],0
264,大潤發,[],0
265,華佗,['華陀'],1
266,飛利浦,[],0
267,木槿花,[],0
268,極淨,['極淨適'],1
269,上山採藥,[],0
270,安田,[],0
271,御天犬,[],0
272,皇貓,[],0
273,統欣生技,['統欣生物科技'],1
274,開喜,[],0
275,享食尚,[],0
276,美則,[],0
277,東泉,[],0
278,信東生技,[],0
279,膜力美肌,[],0
280,老協珍,[],0
281,比菲多,"['比菲多質立', '比菲多優意思', '比菲多乳之初']",1
282,波爾,[],0
283,美吾髮,[],0
284,沙宣,[],0
285,三記,[],0
286,費拉拉,[],0
287,諾寶,[],0
288,維他麥,[],0
289,寶貝妮,[],0
290,拌天下,[],0
291,蓓比適,[],0
292,禾聯,[],0
293,午后時光,[],0
294,自然之綠,[],0
295,亞莉佳,[],0
296,日本獅王,['lion kirei-kirei日本獅王趣淨'],0
297,金色三麥,[],0
298,濃韻,[],0
299,摩爾思,[],0
300,晨捷,[],0
301,博士巧思,[],0
302,牛乳石鹼,[],0
303,拉麵道,[],0
304,新格,[],0
305,野獸叢林,[],0
306,金車柏克金,[],0
307,古道,[],0
308,松本清,[],0
309,巴洛亞,[],0
310,鮮一杯,[],0
311,嘉士伯,[],0
312,台農,"['台農崙背', '台農燕巢', '台農鮮乳廠', '農會牌']",1
313,齒妍堂,[],0
314,遊遍天下,[],0
315,可果美,[],0
316,完美安可,[],0
317,喜又美,[],0
318,孝親,[],0
319,京城之霜,[],0
320,七喜,[],0
321,東芝,[],0
322,淺利佐助商店,[],0
323,一家人,[],0
324,全健護,[],0
325,滿意寶寶,[],0
326,海之鮇,[],0
327,德拉美,[],0
328,水平衡,[],0
329,愛生活,['生活'],1
330,紅米,[],0
331,優先順,[],0
332,牛爾,[],0
333,工研,[],0
334,皇雀咖啡,[],0
335,快潔適,[],0
336,吶一口,[],0
337,蕾妮亞,[],0
338,橘平屋,[],0
339,科沃斯,[],0
340,喜多,[],0
341,雙響泡,[],0
342,滴露,[],0
343,蓓爾麗,[],0
344,富及第,[],0
345,素飄香,[],0
346,艾克博士,[],0
347,悅氏茶品,['悅氏'],1
348,達摩本草,[],0
349,木村,[],0
350,志斌,[],0
351,克補,[],0
352,惠騰,[],0
353,御鼎興,[],0
354,威瑪舒培,[],0
355,克菲爾,[],0
356,菲蘇德美,[],0
357,御衣坊,[],0
358,黑龍,[],0
359,娘家,[],0
360,日本味王,[],0
361,愛喜,[],0
362,金美克能,[],0
363,天文,[],0
364,包大人,[],0
365,原燒貓罐,[],0
366,紅茶花伝,[],0
367,味味麵,[],0
368,波力,[],0
369,善存,[],0
370,歐樂芬,[],0
371,必盛氏,[],0
372,太和殿,[],0
373,艾惟諾,[],0
374,天使娜拉,[],0
375,艾維特,[],0
376,茉莉茶園,[],0
377,摩斯,[],0
378,微舒打,[],0
379,露得清,[],0
380,慢熟,[],0
381,存元堂,[],0
382,山水,[],0
383,樂金,[],0
384,屏大,['屏科大'],1
385,御膳食堂,[],0
386,康是美,['康是美自有品牌'],1
387,小夫妻拌麵,[],0
388,愛買,[],0
389,藍寶,[],0
390,健安喜,[],0
391,日本三洋,[],0
392,王牌,[],0
393,安雅,[],0
394,植物的優,[],0
395,屏東監獄,[],0
396,添寧,[],0
397,優級首選加州鮮乳,[],0
398,肯尼士,[],0
399,烤一百,[],0
400,西北,[],0
401,星巴克,[],0
402,年方十八,[],0
403,白博士,[],0
404,無塵氏,[],0
405,華陀扶元堂,[],0
406,愛維他,[],0
407,卡旺,[],0
408,益妍莓后,[],0
409,新生活純鮮乳品,[],0
410,愛力,[],0
411,獅子寶寶,[],0
412,日田天領水,[],0
413,優佳麗,[],0
414,綠的,[],0
415,原木香,[],0
416,海昌,[],0
417,統一,"['統一陽光', '統一瑞穗', '統一蜜豆奶', '統一水果牛乳', '統一瑞穗極制', 'ab統一', 'lp33統一', 'petlife統一寶多福', 'dr.milker統一']",1
418,絲花,[],0
419,正康,[],0
420,黑船長,[],0
421,舒益優,[],0
422,韓味不二,[],0
423,埔里,[],0
424,楓康,[],0
425,食芋堂,[],0
426,夏普,[],0
427,雲谷,[],0
428,詩丹雅蘭,[],0
429,庵古坑,[],0
430,多哥,[],0
431,多立康,[],0
432,黑惡魔,[],0
433,可爾必思,[],0
434,網狐家居,[],0
435,萃樂口,[],0
436,上豪,[],0
437,因特力淨,[],0
438,波斯優格,[],0
439,雷峰,[],0
440,威仕,[],0
441,雞老大,[],0
442,美味關係,[],0
443,韓廚,[],0
444,森潤,[],0
445,玩美日記,[],0
446,優兒康,[],0
447,友情牌,[],0
448,寶島,[],0
449,台灣清香號,[],0
450,喜特麗,[],0
451,金龍,[],0
452,倍爾康,[],0
453,栢歐康,[],0
454,水事紀,[],0
455,九華山,[],0
456,寶酒造,[],0
457,金岡,[],0
458,維斯塔,[],0
459,建銓,[],0
460,11益生菌,[],0
461,正官庄,[],0
462,泡樂,[],0
463,松山油脂,[],0
464,吉蒸,[],0
465,養樂多,[],0
466,大丈夫,[],0
467,叡頌,[],0
468,京紅,[],0
469,寧記,[],0
470,阿華田,[],0
471,耕心田,[],0
472,歐力婕,[],0
473,真柑淨,[],0
474,專科,[],0
475,農純鄉,[],0
476,檸檬堂,[],0
477,皇冠,[],0
478,新普利,[],0
479,歐芮坦,[],0
480,活沛多,[],0
481,一風堂,[],0
482,明治,[],0
483,酷椰嶼,[],0
484,大隱珈琲,[],0
485,鉑潤肌,[],0
486,詹麵,[],0
487,山崎,[],0
488,璞草園,[],0
489,妍美会,[],0
490,深夜食堂,[],0
491,中一電工,[],0
492,愛爾,[],0
493,雪比,[],0
494,知覺,[],0
495,卡薩咖啡,[],0
496,敏亦樂,[],0
497,富統,[],0
498,東元,[],0
499,台畜,[],0
500,樂活,[],0
501,長髮公主的秘密,[],0
502,豐新鮮,[],0
503,伊萊克斯,[],0
504,百齡,[],0
505,卡樂芙,[],0
506,雅方,[],0
507,優芮珂絲,[],0
508,香草集,[],0
509,不二珍套,[],0
510,御姬賞,[],0
511,大研,['大研生醫'],1
512,金饌,[],0
513,培寶,[],0
514,紅薑黃先生,[],0
515,織眠家族,[],0
516,猋,[],0
517,大醇豆,[],0
518,科帥,[],0
519,極淨適,[],0
520,南門魚丸,[],0
521,享味食光,[],0
522,金蜜蜂,[],0
523,和田順,[],0
524,維他盒子,[],0
525,上田,[],0
526,貝利達,[],0
527,海滴,[],0
528,義美生醫,[],0
529,健身大師,[],0
530,美樂,[],0
531,龍宏,[],0
532,雪肌精,[],0
533,聯碩,[],0
534,臺虎,[],0
535,健而婷,[],0
536,小魚嚴選,[],0
537,台灣農林,[],0
538,燒肉工房,[],0
539,絲易康,[],0
540,名屋,[],0
541,台灣好漁,[],0
542,仁和園,[],0
543,芙絲,[],0
544,安親,[],0
545,名仕,[],0
546,農會,"['西螺農會', '員山農會', '羅東農會', '古坑鄉農會', '台中市農會', '南投國姓農會']",1
547,森林物語,[],0
548,健力士,[],0
549,優品,[],0
550,福忠字號,[],0
551,龍泉,[],0
552,高山小濃,[],0
553,統一生機,[],0
554,酵速工坊,[],0
555,揚子,[],0
556,超級香,[],0
557,喀爾巴阡,[],0
558,蕾莉歐,"['l\'erbolario蕾莉歐', 'l’erbolario蕾莉歐']",0
559,雅雪舒,[],0
560,唯可,[],0
561,麗克特,[],0
562,正負零,['正負零±0'],1
563,伊聖詩,[],0
564,優倍多,[],0
565,雲米,[],0
566,蔚特尼思,[],0
567,船井生醫,[],0
568,億長御坊,[],0
569,麒麟,[],0
570,博朗氏,[],0
571,維康,[],0
572,奇檬子,[],0
573,高地之泉,[],0
574,藏鮮,[],0
575,小兒利撒爾,[],0
576,星宇航空,[],0
577,宇治園,[],0
578,北海道函館3.7鮮乳,[],0
579,舒特膚,[],0
580,易洗樂,[],0
581,果物配,[],0
582,多納,[],0
583,海吉尼斯,[],0
584,生活工場,[],0
585,天霖純水,[],0
586,安加適,[],0
587,麻膳堂,[],0
588,康萃,[],0
589,葉璐芝,[],0
590,優效紡,[],0
591,義皇寶,[],0
592,柏尹芙,[],0
593,第一石鹼,[],0
594,猛將,[],0
595,惠而浦,[],0
596,大食客,[],0
597,樂米亞,[],0
598,沛特斯,[],0
599,嵐閣,[],0
600,威客維,[],0
601,艾詩,[],0
602,威金森,[],0
603,麥維爾,[],0
604,浪漫花語,[],0
605,衣桔棒,[],0
606,北日本,[],0
607,倍麗兒,[],0
608,36法郎,[],0
609,柳宗理,[],0
610,名山牌,[],0
611,小分子,[],0
612,歐斯恩,[],0
613,常春樂活,[],0
614,淨毒五郎,[],0
615,茶之初,[],0
616,優柏,[],0
617,璞珞,[],0
618,伊德爾,[],0
619,科德司,[],0
620,貓戀人,[],0
621,新味,[],0
622,鐵齒,[],0
623,辣椒先生,[],0
624,金鹿,[],0
625,全球寵物,[],0
626,歐萊德,"['o’right歐萊德', 'oright歐萊德']",0
627,植妍房,[],0
628,維他露,[],0
629,寶多福,[],0
630,正牛,[],0
631,良將,[],0
632,碧而優,[],0
633,白雪,[],0
634,稻屋生機,[],0
635,日象,[],0
636,國農,[],0
637,蓮發,[],0
638,御膳坊,[],0
639,新豆族,[],0
640,厝味,[],0
641,謙謙創藝,[],0
642,維力媽媽麵,[],0
643,情人娃娃,[],0
644,鴻嘉源,[],0
645,羊舍,[],0
646,百翠氏,[],0
647,蓓芙妮,[],0
648,原辰,[],0
649,萊克蒂,[],0
650,稻田齒,[],0
651,台鳳,[],0
652,綠農,[],0
653,鬼洗,[],0
654,台灣伊日,[],0
655,健康力,[],0
656,憶霖,[],0
657,礦翠,[],0
658,靠茶,[],0
659,營養師輕食,[],0
660,朵舒,[],0
661,林內,['林內牌'],1
662,佐登妮絲,[],0
663,味榮,[],0
664,旺寶,[],0
665,艾美特,[],0
666,雙飛燕,[],0
667,戀戀情人,[],0
668,阿娟,[],0
669,虎屋,[],0
670,金安心,[],0
671,醇養妍,[],0
672,江鳥咖啡,[],0
673,滴牌,[],0
674,歐舒丹,[],0
675,屏科大,['屏大'],1
676,新花漾,[],0
677,桔植坊,[],0
678,鴻參,[],0
679,風格,[],0
680,麗白,[],0
681,台酒生技,[],0
682,顧可飛,[],0
683,宏醫生技,[],0
684,睫老闆,[],0
685,茶尋味,[],0
686,箭牌馬,[],0
687,凱飛,[],0
688,艾黎亞,[],0
689,廣吉,[],0
690,李施德霖,[],0
691,澤井咖啡,['澤井'],1
692,康澤,[],0
693,珊諾,[],0
694,一來順,[],0
695,啡茶時刻,[],0
696,諾資,[],0
697,全效,[],0
698,寶仕,[],0
699,千山淨水,[],0
700,美寧,[],0
701,森歐黎漾,[],0
702,雙豪,[],0
703,特力屋,[],0
704,雅保,[],0
705,國騰,[],0
706,小文輕,[],0
707,髮旺旺,[],0
708,龍馬,[],0
709,歐客佬,[],0
710,麗汝齒,[],0
711,藏咖啡,[],0
712,永信牌,[],0
713,雅聞倍優,[],0
714,貝貝實驗室,[],0
715,生活良好,[],0
716,自然主義,[],0
717,德國百妮,[],0
718,超視王,[],0
719,寵物夥伴,[],0
720,山元,[],0
721,彎彎寶貝,[],0
722,悠康,[],0
723,初鹿,"['初鹿牧場', '初鹿鮮乳', '台東初鹿']",1
724,蜜妮,[],0
725,醫敏家,[],0
726,佐藤,[],0
727,海爾,[],0
728,齒磨撫子,[],0
729,緹朗,[],0
730,大醫生技,[],0
731,樂嫚妮,[],0
732,明洞國際,[],0
733,凱特鮮廚,[],0
734,齋藤咖啡店,[],0
735,田記,[],0
736,采緹,[],0
737,一滴淨,[],0
738,豬跳舞,[],0
739,晶亮醇,[],0
740,勳風,[],0
741,維士比,[],0
742,逸湘齋,[],0
743,燒鳥一番,[],0
744,必賜力,[],0
745,維珍妮,[],0
746,炫艷,[],0
747,卡氛,[],0
748,田原香,[],0
749,孕哺兒,[],0
750,健美生,[],0
751,婕樂纖,[],0
752,荷蘭公主,[],0
753,麗雅雪尼爾,[],0
754,福汎,[],0
755,天天,[],0
756,紐約肯尼,[],0
757,溫士頓,[],0
758,德律風根,[],0
759,新奇,[],0
760,愛情貴族,[],0
761,戴維爵士,[],0
762,福華牌,[],0
763,西螺大同,[],0
764,台塑生醫,"['台塑生醫 醫之方', '醫之方', 'dr’s formula台塑生醫', 'forte台塑生醫', 'dr\'s formula台塑生醫']",1
765,一品夫人,[],0
766,晶鈺,[],0
767,爵士貓吧,[],0
768,喜滿屋,[],0
769,美麗紀事,[],0
770,中深焙,[],0
771,菇王,['菇王食品'],1
772,廚膳師,[],0
773,山多力,[],0
774,沐潤,[],0
775,樂亦康,[],0
776,樂趣,[],0
777,川西,[],0
778,西妍院,[],0
779,卡汶克萊,[],0
780,咖啡綠商號,[],0
781,自然派,[],0
782,大河,[],0
783,美聯社,[],0
784,紅豆食府,[],0
785,大醬,[],0
786,金車補給園,[],0
787,芙蘿娜,[],0
788,舒澡,[],0
789,戀戀,[],0
790,牧實,[],0
791,韓波俐,[],0
792,潔倍,[],0
793,靖,[],0
794,維大力,[],0
795,桃潤肌,[],0
796,鮮烘咖啡工作室,[],0
797,參天,[],0
798,賈羅公式,[],0
799,素天堂,[],0
800,山形,[],0
801,安爽,[],0
802,咖啡廣場,[],0
803,南王,[],0
804,杏輝醫藥,[],0
805,柑橘王子,[],0
806,詩柔,[],0
807,紅布朗,[],0
808,利護樂,[],0
809,利捷維,[],0
810,潔芬,[],0
811,珂潤,[],0
812,怪獸部落,[],0
813,小廚師,[],0
814,勁小子,[],0
815,茱莉蔻,[],0
816,夏士蓮,[],0
817,優活力,[],0
818,13章,[],0
819,日虎,[],0
820,盛田,[],0
821,菊正宗,[],0
822,世界紀行,[],0
823,普登,[],0
824,源珍,[],0
825,50惠,[],0
826,咖啡工廠,[],0
827,超海派,[],0
828,古吉,[],0
829,喵皇奴,[],0
830,勤億,[],0
831,北大武,[],0
832,奇哥,[],0
833,健康曙光,[],0
834,明宜,[],0
835,金車,[],0
836,王朝,[],0
837,奇異,[],0
838,富華,[],0
839,頤珍,[],0
840,好一頓,[],0
841,真愛,[],0
842,大王,[],0
843,大芳,[],0
844,普潔,[],0
845,曼仕德,[],0
846,天目雷,[],0
847,美味小舖,[],0
848,21世紀,[],0
849,日喬恩,[],0
850,大本山,[],0
851,火忍者,[],0
852,高橋,[],0
853,生力啤,[],0
854,卡娜赫拉的小動物,[],0
855,島乃香,[],0
856,佳龍,[],0
857,京都小川,[],0
858,必勝,[],0
859,綾鷹,[],0
860,姍莎菈,[],0
861,寶益兒,[],0
862,味滋康,[],0
863,活力廚坊,['活力廚房'],1
864,永豐餘,[],0
865,旺旺集團,[],0
866,璞莉可,[],0
867,立可樂,[],0
868,黃正宜,[],0
869,赫里萊比,[],0
870,眷戀,[],0
871,海瑞,[],0
872,特樂舒,[],0
873,女皇咖啡,[],0
874,國太樓,[],0
875,惠健,[],0
876,汪事如意,[],0
877,麗美盛,[],0
878,濱川佐櫻,[],0
879,柏森牌,[],0
880,歷峰集團,[],0
881,特惠牌,[],0
882,卡碧絲,[],0
883,椒井,[],0
884,賀眾牌,[],0
885,伊藤園,[],0
886,閃彩,[],0
887,其實豆製所,[],0
888,欣目益福,[],0
889,臥龍咖啡工作室,[],0
890,日濢,[],0
891,歐仕派,[],0
892,毛孩王,[],0
893,小潔革命,[],0
894,髮朵,[],0
895,鬼女神,[],0
896,潔牙一番,[],0
897,丸秀,[],0
898,太星電工,[],0
899,瓦城,[],0
900,輝葉,[],0
901,瑰柏翠,"['crabtree&evelyn瑰柏翠', 'crabtree瑰柏翠']",0
902,利百代,[],0
903,酷之泉,[],0
904,東凌,[],0
905,愛喵零食,[],0
906,克寧,[],0
907,吉尼寶貝,[],0
908,台塑,[],0
909,朝日田野,[],0
910,良爽,[],0
911,清淨園,[],0
912,菲力家族,[],0
913,皇鼎,[],0
914,桃屋,[],0
915,生育家,[],0
916,亮潔,[],0
917,羅密歐,[],0
918,每朝,['每朝健康'],1
919,愛引力,[],0
920,康朵,[],0
921,雙星牌,[],0
922,古德狗,[],0
923,富士,[],0
924,格林全,[],0
925,品皇,[],0
926,統洋,[],0
927,詩沛格蘭,[],0
928,得意人生,[],0
929,古酵寶,[],0
930,449乾麵舖,[],0
931,新東陽,[],0
932,菲那絲,[],0
933,大西洋,[],0
934,植淨美,[],0
935,福松,[],0
936,甘味人生,[],0
937,斯斯,[],0
938,鮮一番,[],0
939,蒸健康,[],0
940,饅自然,[],0
941,興波咖啡,[],0
942,和成,[],0
943,草本24,[],0
944,柳營牧場,[],0
945,優豆君,[],0
946,然植萃,[],0
947,力度伸,[],0
948,健康快遞,[],0
949,樂伊妥,[],0
950,紅牛,['red cow紅牛'],0
951,飛牛牧場,[],0
952,金寶,[],0
953,愛瑞雅,[],0
954,安慕希,[],0
955,松井,[],0
956,荷麗美加,[],0
957,富兔康,[],0
958,薇達,[],0
959,片岡,[],0
960,善得,[],0
961,薰衣草森林,[],0
962,一引,[],0
963,巴馬,[],0
964,加拿大國寶,[],0
965,旺滴,[],0
966,巧多,[],0
967,優力巾,[],0
968,美神契約,[],0
969,艾肯,[],0
970,荷柏園,[],0
971,米徠,[],0
972,寺岡家,[],0
973,日青,[],0
974,呈禾康,[],0
975,華冠,[],0
976,小七泡泡,[],0
977,芙樂思,[],0
978,潘海利根,[],0
979,福記,[],0
980,元氣,[],0
981,清銀露,[],0
982,丸進,[],0
983,小牧好好,[],0
984,蔻蘿蘭,[],0
985,梨奧美,[],0
986,麗美,[],0
987,傳貴,[],0
988,健喬信元,[],0
989,義大利金杯咖啡,[],0
990,理研,[],0
991,探險者,[],0
992,中華豪井,[],0
993,金展輝,[],0
994,好日子,[],0
995,鼎新,[],0
996,茉娜姿,[],0
997,米物,[],0
998,氧視加,[],0
999,愛迪生,[],0
1000,芭弗莎林,[],0
1001,臻愛,[],0
1002,狐狸村,[],0
1003,維多利亞的秘密,[],0
1004,尚美德,[],0
1005,犬力食足,[],0
1006,熊愛咖啡,[],0
1007,北海道日高乳業,[],0
1008,中祥麵,[],0
1009,芙玉寶,[],0
1010,健康物語,[],0
1011,上海灘阿杜,[],0
1012,活力,[],0
1013,立菱尹,[],0
1014,德記,[],0
1015,吉妮斯,[],0
1016,木酢達人,[],0
1017,八甲田,[],0
1018,阿里山,[],0
1019,左岸,[],0
1020,李記,[],0
1021,康貝,[],0
1022,鵑城牌,[],0
1023,臻豆坊,[],0
1024,寶貝餌子,[],0
1025,元歲,[],0
1026,比依,[],0
1027,男人香,[],0
1028,川雲,[],0
1029,百年薔薇,[],0
1030,大昌,[],0
1031,地中海,[],0
1032,豪山,[],0
1033,東邦,[],0
1034,誠泰,[],0
1035,益瑞昇,[],0
1036,森萊富,[],0
1037,威靈頓,[],0
1038,永新牌,[],0
1039,鮮剖,[],0
1040,蒂克,[],0
1041,元進莊,[],0
1042,三鷹,[],0
1043,鋒味,[],0
1044,麗莎,[],0
1045,愛美力,['愛力'],1
1046,悅拭美,[],0
1047,大師兄銷魂麵舖,[],0
1048,熊寶寶,[],0
1049,源美,[],0
1050,西華,[],0
1051,亞尼活力,[],0
1052,戴春林,[],0
1053,愛司盟,[],0
1054,水森活,[],0
1055,明星,[],0
1056,火霹靂,[],0
1057,麗奇,[],0
1058,台麗,[],0
1059,台灣三洋,['三洋'],1
1060,富山,[],0
1061,遠東生技,[],0
1062,康迪斯,[],0
1063,包寧安,[],0
1064,台海生技,[],0
1065,雅如詩,[],0
1066,六甲田莊,[],0
1067,宏福牌,[],0
1068,微美咖啡,[],0
1069,愛戀咖啡,[],0
1070,優你可,[],0
1071,百樂潔,[],0
1072,朝日,[],0
1073,歡樂派,[],0
1074,伯爵,[],0
1075,益豆之優,[],0
1076,湯姆盛,[],0
1077,北海道大雪山,[],0
1078,北的快適工房,[],0
1079,德妍思,[],0
1080,海饌,[],0
1081,小太陽,[],0
1082,民生,[],0
1083,頂燒,[],0
1084,信東,[],0
1085,別海,[],0
1086,愛康,[],0
1087,德瑪愛,[],0
1088,髮蔓濃,[],0
1089,大嚐津,[],0
1090,睛亮,[],0
1091,歐米豆,[],0
1092,六合,[],0
1093,莫札特,[],0
1094,永信,[],0
1095,樂家咖啡,[],0
1096,南亞牌,[],0
1097,優護,[],0
1098,艾特優,[],0
1099,船山舒雞,[],0
1100,植英房,[],0
1101,明全牧場,[],0
1102,東森耐斯,[],0
1103,狀元,[],0
1104,瑪宣妮,[],0
1105,史努比,[],0
1106,再再之在,[],0
1107,莊淑旂養生莊園,[],0
1108,真鍋,[],0
1109,和田寬,[],0
1110,必安住,[],0
1111,武山,[],0
1112,天然磨坊,[],0
1113,非寵不可,[],0
1114,沐可麗,[],0
1115,山豬園,[],0
1116,好朋友,[],0
1117,路易莎,[],0
1118,白象,[],0
1119,丸山,[],0
1120,陸丁博士,[],0
1121,派仕,[],0
1122,川中,[],0
1123,丸友,[],0
1124,東銘,[],0
1125,雄獅,[],0
1126,自白肌,[],0
1127,齒方籤,[],0
1128,益菌革命,[],0
1129,好寶貝,[],0
1130,全植媽媽,[],0
1131,舒珊,[],0
1132,奇寶,[],0
1133,佳貝,[],0
1134,美娜多,[],0
1135,巷口乾麵,[],0
1136,大炒一番,[],0
1137,御皇居,[],0
1138,元氣王,[],0
1139,創鮮家,[],0
1140,健康總匯,[],0
1141,松木,[],0
1142,達能,[],0
1143,凱娜,[],0
1144,十味觀,[],0
1145,小銅板,[],0
1146,韓國2080,[],0
1147,金牌大師,[],0
1148,草本風采,[],0
1149,肯麥斯,[],0
1150,幸福花浴,[],0
1151,長庚生技,['長庚'],1
1152,伊麗莎白雅頓,[],0
1153,人可和,[],0
1154,純萃喝,['純粹喝'],1
1155,博比,[],0
1156,三菱,['三菱電機'],1
1157,呼嚕貓,[],0
1158,婦樂寧,[],0
1159,貝克,[],0
1160,可立潔,[],0
1161,248農學市集,[],0
1162,愛恩富,[],0
1163,快護,[],0
1164,咖樂迪,['咖樂迪咖啡農場'],1
1165,頂尖國際,[],0
1166,布瓦宏,[],0
1167,黃金盾,[],0
1168,永用牌,[],0
1169,悠安美,[],0
1170,台灣g霸,[],0
1171,晶工,[],0
1172,富士通,[],0
1173,耐斯,[],0
1174,哈妮來,[],0
1175,興農,[],0
1176,愛棒,[],0
1177,羅多倫和餐,[],0
1178,艾瑪植萃,[],0
1179,蓓蕊,[],0
1180,天然一膳,[],0
1181,妙可適,[],0
1182,三井生技,[],0
1183,布朗博士,[],0
1184,美的冒泡,[],0
1185,千歲,[],0
1186,愛接觸,[],0
1187,富力森,[],0
1188,豆腐盛田屋,[],0
1189,必爾思,[],0
1190,陽明生醫,[],0
1191,綺緣,[],0
1192,實用牌,[],0
1193,安娜蘇,[],0
1194,愛伊健康,[],0
1195,上品王,[],0
1196,典豆成金,[],0
1197,蜜蜂工坊,[],0
1198,森產業,[],0
1199,愛益康,[],0
1200,晨昌,[],0
1201,狗子廚房,[],0
1202,醬本缸,[],0
1203,合家歡,[],0
1204,彩虹雨點,[],0
1205,恩特萬,[],0
1206,華麗牌,[],0
1207,宏裕行,[],0
1208,優廚寶,[],0
1209,本家生機,[],0
1210,朵蔓朵蓮,[],0
1211,麗仁堂,[],0
1212,鑫耀生技,[],0
1213,蜂鳥,[],0
1214,垣戊,[],0
1215,伊賀越,[],0
1216,印象之美,[],0
1217,御田,[],0
1218,天然保健所,[],0
1219,蹺蹺板小姐,[],0
1220,比利時凱瑞克,[],0
1221,美私樂,[],0
1222,聯統,[],0
1223,雙燕牌,[],0
1224,合興,[],0
1225,元園廖媽媽,[],0
1226,元氣堂,[],0
1227,卡維亞,[],0
1228,仙女牌,[],0
1229,愛華,[],0
1230,緣蘋果,[],0
1231,威寶,[],0
1232,機植之丘,[],0
1233,鱷魚,[],0
1234,阿德比,[],0
1235,水涓肌,[],0
1236,和田館,[],0
1237,易家,[],0
1238,茶月,[],0
1239,凡爾賽玫瑰,[],0
1240,滴滴鮮,[],0
1241,汗馬,[],0
1242,楓葉,[],0
1243,大興吉,[],0
1244,小風鈴,[],0
1245,崇德發,[],0
1246,生態綠,[],0
1247,尼克亞力,[],0
1248,卵肌本舖,[],0
1249,奇格利爾,[],0
1250,綠藤生機,[],0
1251,東森自然美,[],0
1252,美膳雅,[],0
1253,成真咖啡,[],0
1254,牧真,[],0
1255,銀輝,[],0
1256,熊愛露,[],0
1257,家倍健,[],0
1258,赤穗化成,[],0
1259,瘋喵,[],0
1260,久保雅司,[],0
1261,正豐,[],0
1262,老北,[],0
1263,幸福時光,[],0
1264,普洛斯,[],0
1265,哈亞,[],0
1266,夫力士,[],0
1267,綠地,[],0
1268,順光,[],0
1269,唐美人,[],0
1270,七里香,[],0
1271,優識立,[],0
1272,牙得安,[],0
1273,毛穴撫子,[],0
1274,蘭韻,[],0
1275,寵愛物語,[],0
1276,幸福流域,[],0
1277,金金廣,[],0
1278,享夢城堡,[],0
1279,丸龜製套,[],0
1280,九陽,[],0
1281,台灣好田,[],0
1282,領航家,[],0
1283,小禮堂,[],0
1284,禾香牧場,[],0
1285,美琦,[],0
1286,潤姬桃子,[],0
1287,虎牙,[],0
1288,伊頌天然,[],0
1289,花園,[],0
1290,和味,[],0
1291,名悅,[],0
1292,無天家,[],0
1293,紐麥福,[],0
1294,土羊哥,[],0
1295,創益生技,[],0
1296,美的,[],0
1297,百喬,['百喬生醫'],1
1298,綠森活,[],0
1299,小澤,[],0
1300,唯浴雅,[],0
1301,華菱,[],0
1302,上元,[],0
1303,富基-10,[],0
1304,一午一食,[],0
1305,光泉,"['光泉乳香世家', '光泉豆漿', '光泉頂級鮮奶優酪', '光泉鮮乳']",1